,id,apiname,title,difficulty,herotype,alttype,resource,stats_hp_base,stats_hp_lvl,stats_mp_base,stats_mp_lvl,stats_arm_base,stats_arm_lvl,stats_mr_base,stats_mr_lvl,stats_hp5_base,stats_hp5_lvl,stats_mp5_base,stats_mp5_lvl,stats_dam_base,stats_dam_lvl,stats_as_base,stats_as_lvl,stats_range,stats_ms,stats_acquisition_radius,stats_selection_radius,stats_pathing_radius,stats_as_ratio,stats_attack_cast_time,stats_attack_total_time,stats_aram_dmg_dealt,stats_aram_dmg_taken,stats_aram_tenacity,stats_urf_dmg_dealt,stats_urf_dmg_taken,rangetype,date,patch,changes,role,positions,op_positions,damage,toughness,control,mobility,utility,style,adaptivetype,be,rp,skill_i,skill_q,skill_w,skill_e,skill_r,skills,stats_attack_delay_offset,stats_missile_speed,stats_usb_dmg_taken,stats_aram_energy_regen,stats_nb_ability_haste,stats_nb_dmg_taken,stats_ofa_dmg_dealt,stats_ofa_dmg_taken,fullname,stats_gameplay_radius,stats_aram_healing,stats_usb_dmg_dealt,stats_aram_shielding,stats_crit_base,stats_aram_attack_speed,stats_ofa_ability_haste,stats_usb_movement_speed,stats_aram_ability_haste,stats_ofa_movement_speed,stats_ofa_healing,stats_urf_healing,stats_nb_dmg_dealt,stats_windup_modifier,nickname,stats_range_lvl,stats_ofa_shielding,stats_crit_mod,stats_nb_healing,stats_nb_shielding,stats_usb_healing,stats_urf_shielding,stats_usb_shielding,secondary attributes,skill_r_1,skill_r_2
Aatrox,266.0,Aatrox,the Darkin Blade,2,Fighter,Tank,Blood Well,650,114.0,0,0.0,38.0,4.45,32.0,2.05,3.0,1.0,0.0,0.0,60,5.0,0.651,2.5,175,345,475.0,135.0,35.0,0.651000022888183,0.300000011920928,1.51999998092651,1.05,1.0,1.2,1.15,0.7,Melee,2013-06-13,V3.8,V13.20,Juggernaut,Top,Top,3,3,2,2,2,20,Physical,4800,880,Deathbringer Stance,The Darkin Blade,Infernal Chains,Umbral Dash,World Ender,Deathbringer Stance,,,,,,,,,,,,,,,,,,,,,,,,,,,,,,,,,,,
Ahri,103.0,Ahri,the Nine-Tailed Fox,2,Mage,Assassin,Mana,590,96.0,418,25.0,21.0,4.7,30.0,1.3,2.5,0.6,8.0,0.8,53,3.0,0.668,2.2,550,330,525.0,100.0,35.0,0.625,,,,,,0.9,1.05,Ranged,2011-12-14,V1.0.0.131,V14.2,Burst,Middle,Middle,3,1,2,3,1,100,Magic,3150,790,Essence Theft,Orb of Deception,Fox-Fire,Charm,Spirit Rush,Essence Theft,-0.1,1750.0,0.95,,,,,,,,,,,,,,,,,,,,,,,,,,,,,,,,
Akali,84.0,Akali,the Rogue Assassin,2,Assassin,,Energy,570,119.0,200,0.0,23.0,4.7,37.0,2.05,9.0,0.9,50.0,0.0,62,3.3,0.625,3.2,125,345,400.0,100.0,30.0,0.625,,,1.05,0.9,1.2,,0.9,Melee,2010-05-11,V1.0.0.85,V14.2,Assassin,Top,Top,3,1,1,3,1,65,Physical,3150,790,Assassin's Mark,Five Point Strike,Twilight Shroud,Shuriken Flip,Perfect Execution,Assassin's Mark,-0.160999998450279,,,1.2,20.0,0.9,1.05,0.97,Akali Jhomen Tethi,,,,,,,,,,,,,,,,,,,,,,,,,,
Akshan,166.0,Akshan,the Rogue Sentinel,3,Marksman,Assassin,Mana,630,107.0,350,40.0,26.0,4.7,30.0,1.3,3.75,0.65,8.2,0.7,52,3.0,0.638,4.0,500,330,750.0,100.0,35.0,0.4,,,1.05,0.95,,1.05,1.0,Ranged,2021-07-22,V11.15,V13.20,Marksman,Top,Middle,3,1,1,3,2,1,Physical,4800,880,Dirty Fighting,Avengerang,Going Rogue,Heroic Swing,Comeuppance,Dirty Fighting,-0.1667,2000.0,,,,,,,,,,,,,,,,,,,,,,,,,,,,,,,,,
Alistar,12.0,Alistar,the Minotaur,1,Tank,Support,Mana,685,120.0,350,40.0,47.0,4.7,32.0,2.05,8.5,0.85,8.5,0.8,62,3.75,0.625,2.125,125,330,600.0,145.0,50.0,0.625,,,0.95,1.1,,1.0,0.95,Melee,2009-02-21,Alpha Week 2,V13.7,Vanguard,Support,Support,1,3,3,1,2,65,Magic,1350,585,Triumphant Roar,Pulverize,Headbutt,Trample,Unbreakable Will,Triumphant Roar,,,1.0,,,,1.05,0.97,,80.0,0.8,0.95,,,,,,,,,,,,,,,,,,,,,,,
Amumu,32.0,Amumu,the Sad Mummy,1,Tank,Mage,Mana,685,94.0,285,40.0,30.0,4.0,32.0,2.05,9.0,0.85,7.4,0.55,53,3.8,0.736,2.18,125,335,600.0,100.0,30.0,0.638000011444091,,,,1.0,,1.1,0.9,Melee,2009-06-26,"June 26, 2009 Patch",V13.11,Vanguard,Jungle,Jungle,2,3,3,1,1,90,Magic,450,260,Cursed Touch,Bandage Toss,Despair,Tantrum,Curse of the Sad Mummy,Cursed Touch,-0.0661564618349075,,,,,,,1.05,,55.0,,,,,,,,,,,,,,,,,,,,,,,,,
Anivia,34.0,Anivia,the Cryophoenix,3,Mage,Support,Mana,550,92.0,495,45.0,21.0,4.9,30.0,1.3,5.5,0.55,8.0,0.8,51,3.2,0.658,1.68,600,325,600.0,140.0,35.0,0.625,,,1.05,0.95,,1.15,0.92,Ranged,2009-07-10,"July 10, 2009 Patch",V13.22,Battlemage,Middle,Middle,3,1,3,1,2,100,Magic,3150,790,Rebirth,Flash Frost,Crystallize,Frostbite,Glacial Storm,Rebirth,-0.1,1600.0,0.9,,,,,,,,,1.1,,,,,,,,,,,,,,,,,,,,,,,
Annie,1.0,Annie,the Dark Child,1,Mage,,Mana,560,102.0,418,25.0,19.0,4.7,30.0,1.3,5.5,0.55,8.0,0.8,50,2.65,0.61,1.36,625,335,625.0,100.0,30.0,0.625,,,0.95,1.05,,0.9,1.05,Ranged,2009-02-21,Alpha Week 2,V13.24,Burst,Middle,Middle,3,1,3,1,2,100,Magic,450,260,Pyromania,Disintegrate,Incinerate,Molten Shield,Summon: Tibbers,Pyromania,-0.10420524328947,1500.0,,,,,,,Annie Hastur,55.0,,,0.8,,,,,,,,,,,,,,,,,,,,,,
Aphelios,523.0,Aphelios,the Weapon of the Faithful,3,Marksman,,Mana,580,102.0,348,42.0,26.0,4.2,30.0,1.3,3.25,0.55,6.5,0.4,55,2.3,0.64,2.1,550,325,,110.0,35.0,0.6399999856948853,0.23000000417232513,1.5,1.0,0.95,,1.05,,Ranged,2019-12-11,V9.24,V14.1,Marksman,Bottom,Bottom,3,1,2,1,1,20,Physical,4800,880,The Hitman and the Seer,Weapons of the Faithful,Phase,Weapon Queue System,Moonlight Vigil,The Hitman and the Seer,,,,,,,1.08,,,,,0.95,,,,,,,,,,,,,,,,,,,,,,,
Ashe,22.0,Ashe,the Frost Archer,1,Marksman,Support,Mana,640,101.0,280,35.0,26.0,4.6,30.0,1.3,3.5,0.55,7.0,0.65,59,2.95,0.658,3.33,600,325,600.0,120.0,35.0,0.657999992370605,,,1.0,1.0,,,,Ranged,2009-02-21,Alpha Week 2,V13.12,Marksman,Bottom,Bottom,2,1,3,1,2,20,Physical,450,260,Frost Shot,Ranger's Focus,Volley,Hawkshot,Enchanted Crystal Arrow,Frost Shot,-0.0807017534971237,2500.0,0.95,,,,,,,,,,,100.0,1.025,,,,,,,,,,,,,,,,,,,,
Aurelion Sol,136.0,AurelionSol,The Star Forger,3,Mage,,Mana,620,90.0,530,40.0,22.0,4.0,30.0,1.3,5.5,0.55,8.0,0.75,55,3.2,0.625,1.5,550,335,400.0,165.0,35.0,0.625,,,,,,1.1,0.9,Ranged,2016-03-24,V6.6,V14.3,Battlemage,Middle,Middle,3,1,2,2,1,100,Magic,4800,880,Cosmic Creator,Breath of Light,Astral Flight,Singularity,Falling Star,Cosmic Creator,-0.100000001490116,,,,,,1.02,0.92,,,,1.05,,,,-20.0,1.2,,,,,,,,,,,,,,,,,,
Azir,268.0,Azir,the Emperor of the Sands,3,Mage,Marksman,Mana,550,119.0,320,40.0,22.0,5.0,30.0,1.3,5.0,0.75,8.0,0.8,52,3.5,0.625,6.0,525,335,700.0,88.8889007568359,35.0,0.694,0.25,1.60000002384185,1.0,0.95,,,,Ranged,2014-09-16,V4.16,V14.3,Specialist,Middle,Middle,3,1,2,2,1,45,Magic,4800,880,Shurima's Legacy,Conquering Sands,Arise!,Shifting Sands,Emperor's Divide,Shurima's Legacy,-0.150000005960464,0.0,,,,,1.08,0.9,Omah Azir,,,,,,1.025,,,20.0,1.05,,,,,,,,,,,,,,,,
Bard,432.0,Bard,the Wandering Caretaker,3,Support,Mage,Mana,630,103.0,350,50.0,34.0,5.2,30.0,1.3,5.5,0.55,6.0,0.45,52,3.0,0.625,2.0,500,330,600.0,88.8889007568359,35.0,0.625,0.300000011920928,1.60000002384185,1.15,0.85,,1.15,0.85,Ranged,2015-03-12,V5.5,V14.2,Catcher,Support,Support,1,1,3,2,3,65,Magic,4800,880,Traveler's Call,Cosmic Binding,Caretaker's Shrine,Magical Journey,Tempered Fate,Traveler's Call,-0.100000001490116,2000.0,0.92,,20.0,0.9,1.15,0.85,Bard,80.0,1.2,1.08,,,,,1.2,,,1.2,1.2,,,,,,,,,,,,,,
Bel'Veth,200.0,Belveth,the Empress of the Void,2,Fighter,,None,610,99.0,0,0.0,32.0,4.7,32.0,2.05,6.0,0.6,0.0,0.0,60,1.5,0.85,0.0,175,340,600.0,120.0,35.0,0.85,,,1.05,1.0,,,,Melee,2022-06-09,V12.11,V13.21,Skirmisher,Jungle,Jungle,3,1,2,3,1,0,Physical,3150,790,Death in Lavender,Void Surge,Above and Below,Royal Maelstrom,Endless Banquet,Death in Lavender,-0.0525,,1.0,,,,,,,65.0,,0.9,,,,,,,,,,,,,,,,,,,,,,,
Blitzcrank,53.0,Blitzcrank,the Great Steam Golem,1,Tank,Fighter,Mana,650,109.0,267,40.0,37.0,4.7,32.0,2.05,7.5,0.75,8.5,0.8,62,3.5,0.625,1.13,125,325,600.0,165.0,50.0,0.625,,,,,,,,Melee,2009-09-02,V0.9.22.16,V14.2,Catcher,Support,Support,1,2,3,1,1,90,Magic,1350,585,Mana Barrier,Rocket Grab,Overdrive,Power Fist,Static Field,Mana Barrier,-0.0299999993294477,,0.95,,,1.0,1.06,0.97,,80.0,,1.05,,,,,,,,,,1.05,,,,,,,,,,,,,
Brand,63.0,Brand,the Burning Vengeance,2,Mage,,Mana,570,105.0,469,21.0,27.0,4.2,30.0,1.3,5.5,0.55,10.65,0.6,57,3.0,0.681,2.0,550,340,600.0,88.8889007568359,35.0,0.625,,,0.95,1.1,,,,Ranged,2011-04-12,V1.0.0.115,V14.3,Burst,Middle,Support,3,1,2,1,1,100,Magic,450,260,Blaze,Sear,Pillar of Flame,Conflagration,Pyroclasm,Blaze,-0.112499997019767,2000.0,,,,1.08,,1.03,Kegan Rodhe,,,0.95,,,,,,-10.0,,,,0.9,,,,,,,,,,,,,
Braum,201.0,Braum,the Heart of the Freljord,2,Support,Tank,Mana,610,112.0,311,45.0,47.0,5.2,32.0,2.05,8.5,1.0,7.0,0.8,55,3.2,0.644,3.5,125,335,800.0,100.0,50.0,0.643999993801116,,,,,,1.05,0.82,Melee,2014-05-12,V4.7,V13.24,Warden,Support,Support,1,2,3,1,2,90,Magic,3150,790,Concussive Blows,Winter's Bite,Stand Behind Me,Unbreakable,Glacial Fissure,Concussive Blows,-0.0700000002980232,,,,,,1.1,0.9,,80.0,,,,,,,,,,,,,,,,,,,,,,,,,
Briar,233.0,Briar,the Restrained Hunger,2,Fighter,Assassin,Health,590,100.0,0,0.0,30.0,4.2,32.0,2.05,0.0,0.0,0.0,0.0,60,3.0,0.644,2.0,125,340,400.0,111.1111,35.0,0.669,0.3,1.553,1.0,0.95,,,,Melee,2023-09-14,V13.18,V14.3,Diver,Top,Jungle,2,2,3,3,1,10,Physical,6300,975,Crimson Curse,Head Rush,Blood Frenzy,Chilling Scream,Certain Death,Crimson Curse,,,,,,,,,,55.0,1.2,,,,,,,,,,,,,,,,,,,,,,,,
Caitlyn,51.0,Caitlyn,the Sheriff of Piltover,1,Marksman,,Mana,580,107.0,315,40.0,27.0,4.7,30.0,1.3,3.5,0.55,7.4,0.7,60,3.8,0.681,4.0,650,325,800.0,120.0,35.0,0.568000018596649,,,1.0,1.05,,,,Ranged,2011-01-04,V1.0.0.108,V14.3,Marksman,Bottom,Bottom,3,1,2,2,1,10,Physical,450,260,Headshot,Piltover Peacemaker,Yordle Snap Trap,90 Caliber Net,Ace in the Hole,Headshot,-0.122916668653488,2500.0,,,,,,,,,,,,,,,,,,,,,,,,,,,,,,,,,
Camille,164.0,Camille,the Steel Shadow,3,Fighter,Tank,Mana,670,99.0,339,52.0,35.0,5.0,32.0,2.05,8.5,0.8,8.15,0.75,68,3.8,0.644,2.5,125,340,550.0,100.0,35.0,0.643999993801116,0.300000011920928,1.55200004577636,1.05,0.95,,,,Melee,2016-12-07,V6.24,V14.2,Diver,Top,Top,3,2,2,3,1,40,Physical,4800,880,Adaptive Defenses,Precision Protocol,Tactical Sweep,Hookshot,The Hextech Ultimatum,Adaptive Defenses,,,,,,0.95,,,Camille Ferros,,1.2,,1.1,,,,,,,,,1.0,,,,,,,,,,,,,
Cassiopeia,69.0,Cassiopeia,the Serpent's Embrace,3,Mage,,Mana,630,104.0,350,60.0,18.0,4.7,32.0,1.3,5.5,0.5,8.0,0.8,53,3.0,0.647,1.5,550,328,600.0,120.0,35.0,0.647000014781951,,,,,,0.95,1.05,Ranged,2010-12-14,v1.0.0.107,V13.22,Battlemage,Top,Top,3,1,3,1,1,100,Magic,4800,880,Serpentine Grace,Noxious Blast,Miasma,Twin Fang,Petrifying Gaze,Serpentine Grace,-0.108000002801418,1500.0,,,,,,,Cassiopeia Du Couteau,,,,,,,,,,,,,,,,,,,,,,,,,,
Cho'Gath,31.0,Chogath,the Terror of the Void,1,Tank,Mage,Mana,644,94.0,270,60.0,38.0,5.0,32.0,2.05,9.0,0.85,7.2,0.45,69,4.2,0.625,1.44,125,345,500.0,130.0,50.0,0.625,,,1.0,1.05,,,,Melee,2009-06-26,"June 26, 2009 Patch",V14.2,Specialist,Top,Top,2,3,2,1,1,65,Magic,1350,585,Carnivore,Rupture,Feral Scream,Vorpal Spikes,Feast,Carnivore,-0.0810000002384185,,,,,,0.98,1.05,,80.0,,,,,,,,,,,,,,,,,,,,,,,,,
Corki,42.0,Corki,the Daring Bombardier,2,Marksman,,Mana,610,103.0,350,54.0,28.0,4.7,30.0,1.3,5.5,0.55,7.4,0.55,61,2.5,0.638,2.3,550,325,600.0,135.0,35.0,0.638000011444091,,,,0.9,,,,Ranged,2009-09-19,V0.9.25.21,V14.3,Marksman,Middle,Middle,3,1,1,2,1,45,Physical,3150,790,Hextech Munitions,Phosphorus Bomb,Valkyrie,Gatling Gun,Missile Barrage,Hextech Munitions,-0.200000002980232,2000.0,,,,1.0,,,,,,,,,,,,10.0,,,,1.05,,,,,,,,,,,,,
Darius,122.0,Darius,the Hand of Noxus,2,Fighter,Tank,Mana,652,114.0,263,58.0,39.0,5.2,32.0,2.05,10.0,0.95,6.6,0.35,64,5.0,0.625,1.0,175,340,400.0,125.0,25.7665996551513,0.625,,,1.05,1.0,,1.05,0.85,Melee,2012-05-23,V1.0.0.140,V14.2,Juggernaut,Top,Top,3,2,2,1,1,55,Physical,450,260,Hemorrhage,Decimate,Crippling Strike,Apprehend,Noxian Guillotine,Hemorrhage,-0.100000001490116,,,,,,0.9,1.05,,80.0,,,,,,,,,,,,,0.5,,,,,,,,,,,,
Diana,131.0,Diana,Scorn of the Moon,1,Fighter,Mage,Mana,640,109.0,375,25.0,31.0,4.3,32.0,2.05,6.5,0.85,8.0,0.8,57,3.0,0.625,2.25,150,345,600.0,75.0,35.0,0.625,,,,1.0,,,,Melee,2012-08-07,V1.0.0.144,V13.14,Assassin,Jungle,Jungle,3,2,2,2,1,65,Magic,450,260,Moonsilver Blade,Crescent Strike,Pale Cascade,Lunar Rush,Moonfall,Moonsilver Blade,-0.0916666686534881,,,,,,0.95,,,,,,,,,,,,,,,,,,,,,,,,,,,,
Dr. Mundo,36.0,DrMundo,the Madman of Zaun,1,Fighter,Tank,Health,613,103.0,0,0.0,32.0,3.7,29.0,2.3,7.0,0.5,0.0,0.0,61,2.5,0.67,3.3,125,345,600.0,135.0,50.0,0.625,,,0.9,1.1,,,,Melee,2009-09-02,V0.9.22.16,V13.22,Juggernaut,Top,Top,2,3,1,1,1,55,Physical,450,260,Goes Where He Pleases,Infected Bonesaw,Heart Zapper,Blunt Force Trauma,Maximum Dosage,Goes Where He Pleases,-0.139687493443489,,,,,,0.95,1.05,'Doctor' Mundo,80.0,0.9,,,,,,,,,0.9,,,,,,,,,,,,,,,
Draven,119.0,Draven,the Glorious Executioner,2,Marksman,,Mana,675,104.0,361,39.0,29.0,4.5,30.0,1.3,3.75,0.7,8.05,0.65,62,3.6,0.679,2.7,550,330,600.0,111.111099243164,35.0,0.67900002002716,0.230000004172325,1.47300004959106,1.05,0.95,,0.95,1.05,Ranged,2012-06-06,V1.0.0.140b,V13.24,Marksman,Bottom,Bottom,3,1,1,2,1,10,Physical,4800,880,League of Draven,Spinning Axe,Blood Rush,Stand Aside,Whirling Death,League of Draven,-0.118840597569942,1600.0,,,,,,0.95,,,,,,,,,,,,,,,,,,,,,,,,,,,
Ekko,245.0,Ekko,the Boy Who Shattered Time,3,Assassin,Fighter,Mana,655,99.0,280,70.0,32.0,4.2,32.0,2.05,9.0,0.9,7.0,0.8,58,3.0,0.688,3.3,125,340,600.0,120.0,35.0,0.625,0.259999990463256,1.60000002384185,1.1,1.0,1.2,,,Melee,2015-05-29,V5.10,V13.16,Assassin,Jungle,Jungle,3,2,2,3,1,75,Magic,3150,790,Z-Drive Resonance,Timewinder,Parallel Convergence,Phase Dive,Chronobreak,Z-Drive Resonance,,,,,,,0.95,,,,,,,,,,,,,,,,,,,,,,,,,,,,
Elise,60.0,Elise,the Spider Queen,2,Mage,Fighter,Mana,650,109.0,324,50.0,30.0,5.2,30.0,1.3,5.5,0.6,6.0,0.8,55,3.0,0.625,1.75,550,330,550.0,120.0,35.0,0.625,,,1.05,0.9,1.2,1.0,0.95,Ranged,2012-10-26,V1.0.0.150,V13.24,Diver,Jungle,Jungle,2,2,2,2,1,65,Magic,4800,880,Spider Queen,Neurotoxin,Volatile Spiderling,Cocoon,Spider Form,Spider Queen,-0.112499997019767,1600.0,0.95,,,,1.05,0.92,Elise Kythera Zaavan,,,1.05,,,,,,,,,,,,,,,,,,,,,,,
Evelynn,28.0,Evelynn,Agony's Embrace,2,Assassin,Mage,Mana,642,98.0,315,42.0,37.0,4.7,32.0,2.05,8.5,0.75,8.11,0.6,61,3.0,0.667,2.1,125,335,400.0,120.0,35.0,0.666999995708465,0.230000004172325,1.5,1.1,0.9,1.2,1.05,0.95,Melee,2009-05-01,"May 1, 2009 Patch",V14.2,Assassin,Jungle,Jungle,2,2,1,2,2,75,Magic,1350,585,Demon Shade,Hate Spike,Allure,Whiplash,Last Caress,Demon Shade,,,1.0,,20.0,0.9,1.07,0.93,,,,1.1,,,,,,,,,,,,,,,,,,,,,,,
Ezreal,81.0,Ezreal,the Prodigal Explorer,1,Marksman,Mage,Mana,600,102.0,375,70.0,24.0,4.7,30.0,1.3,4.0,0.65,8.5,1.0,62,2.5,0.625,2.5,550,325,550.0,115.0,35.0,0.625,,,0.95,1.0,,0.95,,Ranged,2010-03-16,V1.0.0.79,V14.3,Marksman,Bottom,Bottom,3,1,1,3,1,45,Physical,1350,585,Rising Spell Force,Mystic Shot,Essence Flux,Arcane Shift,Trueshot Barrage,Rising Spell Force,-0.111613474786281,2000.0,,,,,,,,,,,,,,,,,,,,,,,,,,,,,,,,,
Fiddlesticks,9.0,Fiddlesticks,the Ancient Fear,2,Mage,Support,Mana,650,106.0,500,28.0,34.0,4.7,30.0,1.3,5.5,0.6,8.0,0.8,55,2.65,0.625,2.11,480,335,520.0,135.0,35.0,0.625,,,0.95,1.05,,1.1,0.85,Ranged,2009-02-21,Alpha Week 2,V12.22,Specialist,Jungle,Jungle,3,1,3,1,1,100,Magic,1350,585,A Harmless Scarecrow,Terrify,Bountiful Harvest,Reap,Crowstorm,A Harmless Scarecrow,0.0,1750.0,0.95,,,,1.05,0.93,,,,1.05,,,,,,,,1.2,,,,,,,,,,,,,,,
Fiora,114.0,Fiora,the Grand Duelist,2,Fighter,Assassin,Mana,620,99.0,300,60.0,33.0,4.7,32.0,2.05,8.5,0.55,8.0,0.7,68,3.3,0.69,3.2,150,345,600.0,100.0,35.0,0.689999997615814,0.200000002980232,1.45000004768371,,0.95,,0.9,1.1,Melee,2012-02-29,V1.0.0.135,V14.1,Skirmisher,Top,Top,3,2,2,2,2,20,Physical,4800,880,Duelist's Dance,Lunge,Riposte,Bladework,Grand Challenge,Duelist's Dance,,,1.05,,,,,,Fiora Laurent,,,0.95,,,,,,,,,0.65,,,,,,,,,,,,,,
Fizz,105.0,Fizz,the Tidal Trickster,2,Assassin,Fighter,Mana,640,106.0,317,52.0,22.0,4.6,32.0,2.05,8.0,0.7,6.0,0.8,58,3.0,0.658,3.1,175,335,400.0,108.333297729492,30.0,0.657999992370605,,,1.05,0.95,1.2,0.9,1.1,Melee,2011-11-15,V1.0.0.129,V14.2,Assassin,Middle,Middle,3,1,2,3,1,90,Magic,1350,585,Nimble Fighter,Urchin Strike,Seastone Trident,Playful,Chum the Waters,Nimble Fighter,-0.0970000028610229,,,,,,,,,55.0,,,,,,,,,,,,,,,,,,,,,,,,,
Galio,3.0,Galio,the Colossus,2,Tank,Mage,Mana,632,126.0,500,40.0,24.0,4.7,32.0,2.05,8.0,0.8,9.5,0.7,59,3.5,0.625,1.5,150,335,600.0,125.0,50.0,0.625,0.330000013113021,1.60000002384185,0.9,1.1,,,,Melee,2010-08-10,v1.0.0.98,V13.24,Warden,Middle,Middle,2,3,3,2,1,100,Magic,3150,790,Colossal Smash,Winds of War,Shield of Durand,Justice Punch,Hero's Entrance,Colossal Smash,,,,,,,,,,80.0,,,,,,,,,,,,,,,,,,,,,,,,,
Gangplank,41.0,Gangplank,the Saltwater Scourge,3,Fighter,,Mana,600,114.0,280,60.0,31.0,4.2,32.0,2.05,6.0,0.6,7.5,0.7,64,3.7,0.658,3.2,125,345,400.0,85.0,35.0,0.69,0.25,1.51999998092651,,,,,,Melee,2009-08-19,V0.9.22.15,V13.19,Specialist,Top,Top,3,1,1,1,2,75,Physical,3150,790,Trial by Fire,Parrrley,Remove Scurvy,Powder Keg,Cannon Barrage,Trial by Fire,,,,,,,1.05,0.9,,,,,,,,,,,,,,,,GP,,,,,,,,,,,
Garen,86.0,Garen,The Might of Demacia,1,Fighter,Tank,None,690,98.0,0,0.0,38.0,4.2,32.0,1.55,8.0,0.5,0.0,0.0,69,4.5,0.625,3.65,175,340,600.0,75.0,35.0,0.625,,,,0.95,,1.1,0.9,Melee,2010-04-27,V1.0.0.83,V14.2,Juggernaut,Top,Top,2,3,1,1,1,75,Physical,450,260,Perseverance,Decisive Strike,Courage,Judgment,Demacian Justice,Perseverance,-0.11999999731779,,,,,,0.95,,Garen Crownguard,,,,,,,,,,,,,,0.5,,,,,,,,,,,,
Gnar,150.0,Gnar,the Missing Link,3,Fighter,Tank,Rage,540,79.0,100,0.0,32.0,3.7,30.0,1.3,4.5,1.25,0.0,0.0,57,3.0,0.625,6.0,400,335,600.0,100.0,30.0,0.625,,,1.05,0.95,,1.1,0.9,Ranged,2014-08-14,V4.14,V13.17,Specialist,Top,Top,2,1,1,2,1,45,Physical,4800,880,Rage Gene,Boomerang Throw,Hyper,Hop,GNAR!,Rage Gene,-0.153999999165534,1500.0,,,,,,,,,,,,,1.025,,,,,,,,,,5.882,,,,,,,,,,
Mega Gnar,150.2,GnarBig,the Missing Link,2,Fighter,Tank,Rage,640,122.0,100,0.0,35.5,6.7,33.5,4.8,4.5,1.25,0.0,0.0,65,5.5,0.625,0.5,175,335,600.0,100.0,30.0,0.625,,,,,,,,Melee,2014-08-14,V4.14,V13.17,Vanguard,Top,Top,2,3,2,1,1,65,Physical,4800,880,Rage Gene,Boulder Toss,Wallop,Crunch,GNAR!,,-0.153999999165534,,,,,,,,,,,,,,,,,,,,,,,,,,,,,,,,,,
Gragas,79.0,Gragas,the Rabble Rouser,2,Fighter,Mage,Mana,670,115.0,400,47.0,38.0,5.0,32.0,2.05,5.5,0.5,6.0,0.8,64,3.5,0.675,2.05,125,330,600.0,155.0,50.0,0.625,,,1.05,0.95,,,,Melee,2010-02-02,V1.0.0.72,V14.2,Vanguard,Top,Jungle,2,3,3,2,1,90,Magic,3150,790,Happy Hour,Barrel Roll,Drunken Rage,Body Slam,Explosive Cask,Happy Hour,-0.050000000745058,,,,,,,,,80.0,,,,,,,,,,,,,,,,,,,,,,,,,
Graves,104.0,Graves,the Outlaw,2,Marksman,,Mana,625,106.0,325,40.0,33.0,4.6,32.0,2.05,8.0,0.7,8.0,0.7,68,4.0,0.475,2.6,425,340,,110.0,10.0,0.490000009536743,,,,,,,,Ranged,2011-10-19,V1.0.0.127,V14.2,Specialist,Top,Jungle,3,2,1,2,2,20,Physical,4800,880,New Destiny,End of the Line,Smoke Screen,Quickdraw,Collateral Damage,New Destiny,-0.294999986886978,3800.0,,,,,0.98,1.05,Malcolm Graves,,,0.95,,,,,,,,,,,0.100000001490116,,,,,,,,,,,,
Gwen,887.0,Gwen,The Hallowed Seamstress,2,Fighter,Assassin,Mana,620,115.0,330,40.0,39.0,5.2,32.0,2.05,9.0,0.9,7.5,0.7,63,3.0,0.69,2.25,150,340,600.0,100.0,35.0,0.69,0.300000012,1.52499998,1.0,,,,,Melee,2021-04-15,V11.8,V14.2,Skirmisher,Top,Top,3,2,1,3,1,50,Magic,4800,880,Thousand Cuts,Snip Snip!,Hallowed Mist,Skip 'n Slash,Needlework,Thousand Cuts,,,1.05,,,,,,,,,0.95,,,,,,,,,,,,,,,,,,,,,,,
Hecarim,120.0,Hecarim,the Shadow of War,2,Fighter,Tank,Mana,625,99.0,280,40.0,32.0,5.45,32.0,2.05,7.0,0.75,7.0,0.8,66,3.7,0.67,2.5,175,345,,140.0,50.0,0.6700000166893,,,1.05,0.9,,,,Melee,2012-04-18,V1.0.0.138,V14.1,Diver,Jungle,Jungle,2,2,2,2,1,65,Physical,4800,880,Warpath,Rampage,Spirit of Dread,Devastating Charge,Onslaught of Shadows,Warpath,-0.050000000745058,,,,,0.95,,,,80.0,1.2,,,,,,,10.0,,,,1.0,,,,,,,,,,,,,
Heimerdinger,74.0,Heimerdinger,the Revered Inventor,2,Mage,Support,Mana,558,101.0,385,20.0,19.0,4.2,30.0,1.3,7.0,0.55,8.0,0.8,56,2.7,0.658,1.36,550,340,550.0,100.0,30.5443992614746,0.625,,,0.9,1.1,,,,Ranged,2009-10-10,V0.9.25.34,V14.2,Specialist,Top,Top,3,1,2,1,2,100,Magic,3150,790,Hextech Affinity,H-28G Evolution Turret,Hextech Micro-Rockets,CH-2 Electron Storm Grenade,UPGRADE!!!,Hextech Affinity,-0.1,1500.0,,,,,0.97,,Cecil B. Heimerdinger,55.0,,,,,,,,,,,,,,,,,,,,,,,,,
Hwei,910.0,Hwei,the Visionary,3,Mage,,Mana,580,109.0,480,30.0,21.0,4.7,30.0,1.3,5.5,0.55,7.5,0.75,54,3.3,0.69,2.5,550,330,600.0,135.0,35.0,0.658,0.28,1.495,,,,,,Ranged,2023-12-05,V13.24,V14.3,Artillery,Middle,Middle,3,1,3,1,2,90,Magic,6300,975,Signature of the Visionary,Subject: Disaster,Subject: Serenity,Subject: Torment,Spiraling Despair,Signature of the Visionary,,,,,,,,,,65.0,,,,,,,,20.0,,,,,,,,,,,,,,,,,
Illaoi,420.0,Illaoi,the Kraken Priestess,2,Fighter,Tank,Mana,656,115.0,350,60.0,35.0,5.0,32.0,2.05,9.5,0.8,7.5,0.75,68,5.0,0.625,2.5,125,350,600.0,100.0,35.0,0.625,0.375,1.75,0.95,1.05,,1.0,0.9,Melee,2015-11-24,V5.23,V14.3,Juggernaut,Top,Top,3,2,1,1,1,65,Physical,3150,790,Prophet of an Elder God,Tentacle Smash,Harsh Lesson,Test of Spirit,Leap of Faith,Prophet of an Elder God,,,,,,,0.92,1.05,,,,,,,,,,,,,,,,,,,,,,,,,,,
Irelia,39.0,Irelia,the Blade Dancer,2,Fighter,Assassin,Mana,590,124.0,350,50.0,36.0,4.7,30.0,2.05,8.5,0.85,8.0,0.8,65,4.0,0.656,2.5,200,335,600.0,100.0,35.0,0.656000018119812,0.300000011920928,1.52499997615814,1.0,1.0,,,,Melee,2010-11-16,V1.0.0.105,V14.2,Diver,Top,Top,2,2,2,3,2,30,Physical,3150,790,Ionian Fervor,Bladesurge,Defiant Dance,Flawless Duet,Vanguard's Edge,Ionian Fervor,,,,,,,0.97,,Xan Irelia,,,,,,,,,20.0,,,,,,,,,,,,,,,,,
Ivern,427.0,Ivern,the Green Father,3,Support,Mage,Mana,630,99.0,450,60.0,27.0,4.7,30.0,1.3,7.0,0.85,6.0,0.75,50,3.0,0.644,3.4,475,330,,140.0,40.0,0.643999993801116,,,0.9,,,,,Ranged,2016-10-05,V6.20,V13.24,Catcher,Jungle,Jungle,1,1,3,2,3,10,Magic,4800,880,Friend of the Forest,Rootcaller,Brushmaker,Triggerseed,Daisy!,Friend of the Forest,-0.1,,0.95,,,,1.1,0.93,Ivern Bramblefoot,70.0,,,0.8,,,,,,,,,,,,,1.2,,,,,,,,,
Janna,40.0,Janna,the Storm's Fury,1,Support,Mage,Mana,570,90.0,360,50.0,28.0,4.5,30.0,1.3,5.5,0.55,11.5,0.4,47,2.5,0.625,3.0,550,325,550.0,125.0,35.0,0.625,,,0.95,1.05,,,,Ranged,2009-09-02,V0.9.22.16,V14.1,Enchanter,Support,Support,1,1,3,1,3,100,Magic,1350,585,Tailwind,Howling Gale,Zephyr,Eye of the Storm,Monsoon,Tailwind,-0.1,1800.0,,,,,1.03,,Janna Windforce,,0.9,,0.9,,,,,,,,,,,,,,,,,,,,,,
Jarvan IV,59.0,JarvanIV,the Exemplar of Demacia,1,Tank,Fighter,Mana,640,104.0,300,55.0,36.0,4.8,32.0,2.05,8.0,0.7,6.5,0.45,64,3.0,0.658,2.5,175,340,600.0,125.0,35.0,0.657999992370605,,,1.0,0.95,,,,Melee,2011-03-01,V1.0.0.112,V14.1,Diver,Jungle,Jungle,2,2,2,2,2,55,Physical,3150,790,Martial Cadence,Dragon Strike,Golden Aegis,Demacian Standard,Cataclysm,Martial Cadence,-0.124559998512268,,,,,,0.95,,Jarvan Lightshield IV,,,0.95,,,,,,,,,,,,J4,,,,,,,,,,,
Jax,24.0,Jax,Grandmaster at Arms,1,Fighter,Assassin,Mana,665,100.0,339,52.0,36.0,4.2,32.0,2.05,8.5,0.55,7.6,0.7,68,4.25,0.638,3.4,125,350,400.0,120.0,35.0,0.638000011444091,,,1.05,0.97,,0.9,1.15,Melee,2009-02-21,Alpha Week 2,V14.2,Skirmisher,Top,Top,3,2,2,2,1,10,Physical,1350,585,Relentless Assault,Leap Strike,Empower,Counter Strike,Grandmaster-At-Arms,Relentless Assault,-0.0918904393911361,,1.05,,,,0.95,1.05,Saijax Cail-Rynx Kohari Icathâ€™un,,,0.95,,,,,,,,,,,,,,,,,,,,,,,
Jayce,126.0,Jayce,the Defender of Tomorrow,2,Fighter,Marksman,Mana,590,109.0,375,45.0,22.0,5.0,30.0,1.3,6.0,0.6,6.0,0.8,57,4.25,0.658,3.0,125,335,200.0,75.0,35.0,0.657999992370605,,,,,,0.92,1.05,Melee,2012-07-07,V1.0.0.142,V14.2,Artillery,Top,Top,3,1,1,2,2,45,Physical,4800,880,Hextech Capacitor,To the Skies!,Lightning Field,Thundering Blow,Transform Mercury Cannon,Hextech Capacitor,-0.20499999821186,,,,,,,,Jayce Giopara,,,,,,,,,,,,,,0.00499999988824129,,,,,,,,,,,,
Jhin,202.0,Jhin,the Virtuoso,2,Marksman,Mage,Mana,655,107.0,300,50.0,24.0,4.7,30.0,1.3,3.75,0.55,6.0,0.8,59,4.7,0.625,3.0,550,330,800.0,120.0,35.0,0.0,0.25,1.60000002384185,0.9,1.05,,1.05,1.0,Ranged,2016-02-01,V6.2,V14.2,Marksman,Bottom,Bottom,3,1,2,1,1,20,Physical,4444,880,Whisper,Dancing Grenade,Deadly Flourish,Captive Audience,Curtain Call,Basic Attack,,2600.0,,,,,,,Khada Jhin,,,,,,,,,,,,,,,,,,0.86,,,,,,,,
Jinx,222.0,Jinx,the Loose Cannon,2,Marksman,,Mana,630,105.0,260,50.0,26.0,4.7,30.0,1.3,3.75,0.5,6.7,1.0,59,3.15,0.625,1.0,525,325,550.0,120.0,35.0,0.625,0.270000010728836,1.60000002384185,0.9,1.05,,,,Ranged,2013-10-10,V3.12,V13.21,Marksman,Bottom,Bottom,3,1,2,1,1,10,Physical,3150,790,Get Excited!,Switcheroo!,Zap!,Flame Chompers!,Super Mega Death Rocket!,Get Excited!,,,,,,1.05,,,,,,,,,,,,,,,,0.95,,,,,,,,,,,,,
Kai'Sa,145.0,Kaisa,Daughter of the Void,2,Marksman,,Mana,640,102.0,345,40.0,25.0,4.2,30.0,1.3,3.5,0.55,8.2,0.7,59,2.6,0.644,1.8,525,335,800.0,100.0,40.6800003051757,0.643999993801116,0.25,1.55200004577636,1.0,0.95,,0.9,1.1,Ranged,2018-03-07,V8.5,V14.3,Marksman,Bottom,Bottom,3,1,1,3,1,10,Magic,1350,585,Second Skin,Icathian Rain,Void Seeker,Supercharge,Killer Instinct,Second Skin,,,,,,,1.03,,,,,,,,1.025,,,,,,,,,,,,,,,,,,,,
Kalista,429.0,Kalista,the Spear of Vengeance,3,Marksman,,Mana,600,114.0,300,45.0,24.0,5.2,30.0,1.3,4.0,0.75,6.3,0.4,61,3.25,0.694,4.5,525,330,900.0,100.0,35.0,0.694000005722045,,,1.1,0.9,,1.1,0.9,Ranged,2014-11-20,V4.20,V13.11,Marksman,Top,Bottom,3,1,1,3,2,10,Physical,4800,880,Martial Poise,Pierce,Sentinel,Rend,Fate's Call,Martial Poise,0.0599999986588954,,,,,,,,,,,,,,1.025,,,,,,,,0.75,,,,,,,,,,,,
Karma,43.0,Karma,the Enlightened One,1,Mage,Support,Mana,630,109.0,374,50.0,28.0,5.0,30.0,1.3,5.5,0.55,13.0,0.5,51,3.3,0.625,2.3,525,335,525.0,120.0,35.0,0.625,,,,,,,,Ranged,2011-02-01,V1.0.0.110,V14.3,Burst,Support,Support,2,1,2,1,2,100,Magic,3150,790,Gathering Fire,Inner Flame,Focused Resolve,Inspire,Mantra,Gathering Fire,-0.138541668653488,,,,,,,,,,,,,,,,,,,,,,,,,,,,,,,,,,
Karthus,30.0,Karthus,the Deathsinger,2,Mage,,Mana,620,110.0,467,31.0,21.0,4.7,30.0,1.3,6.5,0.55,8.0,0.8,46,3.25,0.625,2.11,450,335,450.0,100.0,35.0,0.625,,,0.9,1.05,,0.9,1.0,Ranged,2009-06-12,"June 12, 2009 Patch",V14.2,Battlemage,Jungle,Jungle,3,1,1,1,2,100,Magic,3150,790,Death Defied,Lay Waste,Wall of Pain,Defile,Requiem,Death Defied,0.0437499992549419,1500.0,,,,,,,,,,,,,,,,,,,,,,,,,,,,,,,,,
Kassadin,38.0,Kassadin,the Void Walker,2,Assassin,Mage,Mana,646,119.0,400,87.0,19.0,4.0,30.0,1.3,6.0,0.5,6.0,0.8,59,3.9,0.64,3.7,150,335,400.0,120.0,35.0,0.639999985694885,,,1.0,0.95,,,,Melee,2009-08-07,v0.9.22.7,V14.2,Assassin,Middle,Middle,3,2,1,3,1,90,Magic,3150,790,Void Stone,Null Sphere,Nether Blade,Force Pulse,Riftwalk,Void Stone,-0.150000005960464,,,,,,,,,,,,,,,,,,,,,,,,,,,,,,,,,,
Katarina,55.0,Katarina,the Sinister Blade,2,Assassin,Mage,None,672,108.0,0,0.0,28.0,4.7,32.0,2.05,7.5,0.7,0.0,0.0,58,3.2,0.658,2.74,125,335,400.0,120.0,35.0,0.657999992370605,,,1.0,1.0,1.2,1.05,0.95,Melee,2009-09-19,V0.9.25.21,V14.2,Assassin,Middle,Middle,3,1,1,3,1,100,Magic,3150,790,Voracity,Bouncing Blade,Preparation,Shunpo,Death Lotus,Voracity,-0.150000005960464,,,,,,,0.95,Katarina Du Couteau,,,,,,,,,10.0,,,,,,,,,,,,,,,,,
Kayle,10.0,Kayle,the Righteous,2,Fighter,Support,Mana,670,92.0,330,50.0,26.0,4.2,22.0,1.3,5.0,0.5,8.0,0.8,50,2.5,0.625,1.5,175,335,600.0,140.0,35.0,0.666999995708465,0.300000011920928,1.54999995231628,0.95,1.1,,0.95,1.1,Melee,2009-02-21,Alpha Week 2,V13.17,Specialist,Top,Top,3,1,1,1,3,20,Physical,4800,260,Divine Ascent,Radiant Blast,Celestial Blessing,Starfire Spellblade,Divine Judgment,Divine Ascent,,5000.0,,,,1.05,0.95,1.05,,,,,,,,,,,,,,0.9,,,,,,,,,,,,,
Kayn,141.0,Kayn,the Shadow Reaper,2,Fighter,Assassin,Mana,655,109.0,410,50.0,38.0,4.5,32.0,2.05,8.0,0.75,11.5,0.95,68,3.3,0.669,2.7,175,340,400.0,135.0,35.0,0.669000029563903,0.280000001192092,1.49500000476837,1.0,,1.2,,,Melee,2017-07-12,V7.14,V14.2,Skirmisher,Jungle,Jungle,3,1,1,3,1,0,Physical,3150,790,The Darkin Scythe,Reaping Slash,Blade's Reach,Shadow Step,Umbral Trespass,The Darkin Scythe,-0.100000001490116,,,,,,,,Shieda Kayn,,0.8,,,,,,,,,,,,,"Rhaast, Darkin, Shadow Assassin",,,,,,,,,,,
Kennen,85.0,Kennen,the Heart of the Tempest,2,Mage,Marksman,Energy,611,98.0,200,0.0,29.0,4.95,30.0,1.3,5.5,0.65,50.0,0.0,48,3.75,0.625,3.4,550,335,550.0,100.0,30.0,0.689999997615814,,,1.05,1.0,,,,Ranged,2010-04-08,V1.0.0.82,V14.2,Specialist,Top,Top,3,1,3,1,1,65,Magic,4800,880,Mark of the Storm,Thundering Shuriken,Electrical Surge,Lightning Rush,Slicing Maelstrom,Mark of the Storm,-0.100000001490116,1700.0,,1.2,,,0.98,1.02,,55.0,,,,,,,,,,,,,,,,,,,,,,,,,
Kha'Zix,121.0,Khazix,the Voidreaver,2,Assassin,,Mana,643,99.0,327,40.0,36.0,4.2,32.0,2.05,7.5,0.75,7.59,0.5,60,3.1,0.668,2.7,125,350,400.0,130.0,35.0,0.667999982833862,,,1.05,0.9,1.2,,,Melee,2012-09-27,V1.0.0.148,V13.17,Assassin,Jungle,Jungle,3,1,1,2,1,55,Physical,4800,880,Unseen Threat,Taste Their Fear,Void Spike,Leap,Void Assault,Unseen Threat,-0.0994652435183525,,,,,,,,,,1.2,,,,,,,,,,,,,Rainbow Scyther,,,,,,,,,,,
Kindred,203.0,Kindred,The Eternal Hunters,3,Marksman,,Mana,610,104.0,300,35.0,29.0,4.7,30.0,1.3,7.0,0.55,7.0,0.4,65,3.25,0.625,3.5,500,325,525.0,120.0,35.0,0.625,,,1.1,0.9,,,,Ranged,2015-10-14,V5.20,V14.3,Marksman,Jungle,Jungle,3,1,2,3,2,20,Physical,4800,880,Mark of the Kindred,Dance of Arrows,Wolf's Frenzy,Mounting Dread,Lamb's Respite,Mark of the Kindred,-0.12456139922142,2000.0,1.05,,,,,0.95,Lamb and Wolf,,,0.95,,,1.025,,,,,,,,,,,,,,,,,,,,
Kled,240.0,Kled,the Cantankerous Cavalier,2,Fighter,Tank,Courage,410,84.0,100,0.0,35.0,5.2,28.0,2.05,6.0,0.75,0.0,0.0,65,3.5,0.625,3.5,250,285,,140.0,35.0,0.625,0.280000001192092,1.60000002384185,1.05,1.0,,,0.9,Melee,2016-08-10,V6.16,V14.2,Skirmisher,Top,Top,3,2,1,2,1,30,Physical,4800,880,Dismounted Skaarl the Cowardly Lizard,Pocket Pistol,Violent Tendencies,Dismounted Jousting,Dismounted Chaaaaaaaarge!!!,Skaarl the Cowardly Lizard,,,,,,,,,Kled and Skaarl,,,,,,,,,,,,,,,,,,,,,,,,,,
Kled & Skaarl,240.1,Kled,the Cantankerous Cavaliers,2,Fighter,Tank,Courage,810,151.64705882353,100,0.0,35.0,5.2,28.0,2.05,6.0,0.75,0.0,0.0,65,3.5,0.625,3.5,125,345,,140.0,35.0,0.625,0.280000001192092,1.60000002384185,1.05,0.9,,,,Melee,2016-08-10,V6.16,V12.10,Skirmisher,Top,Top,3,2,1,3,1,30,Physical,6300,975,Skaarl the Cowardly Lizard,Bear Trap on a Rope,Violent Tendencies,Jousting,Chaaaaaaaarge!!!,,,,,,,,,,Kled and Skaarl,,,,,,,,,,,,,,,,,,,,,,,,,,
Kog'Maw,96.0,KogMaw,the Mouth of the Abyss,2,Marksman,Mage,Mana,635,99.0,325,40.0,24.0,4.45,30.0,1.3,3.75,0.55,8.75,0.7,61,3.1,0.665,2.65,500,330,900.0,130.0,30.0,0.665000021457672,,,0.88,1.1,,0.95,1.0,Ranged,2010-06-24,V1.0.0.94,V14.2,Marksman,Middle,Bottom,3,1,1,1,1,10,Physical,4800,880,Icathian Surprise,Caustic Spittle,Bio-Arcane Barrage,Void Ooze,Living Artillery,Icathian Surprise,-0.13377659022808,1800.0,,,,1.05,0.97,1.03,,,,,,,,,,,,,,0.9,,,,,,,,,,,,,
K'Sante,897.0,KSante,the Pride of Nazumah,3,Tank,Fighter,Mana,570,115.0,290,60.0,33.0,5.2,30.0,2.1,9.5,0.85,7.0,1.0,64,3.5,0.625,2.5,175,330,400.0,102.7778,35.0,0.625,,,1.0,1.0,,1.05,1.0,Melee,2022-11-02,V12.21,V13.24,Warden,Top,Top,2,3,3,2,2,30,Physical,4800,880,Dauntless Instinct,Ntofo Strikes,Path Maker,Footwork,All Out,Dauntless Instinct,-0.1046875,,,,,,1.0,1.0,,,,,,,,,,,,,,,,,,,,,,,,,,,
LeBlanc,7.0,Leblanc,the Deceiver,2,Assassin,Mage,Mana,598,111.0,400,25.0,22.0,4.7,30.0,1.3,7.5,0.55,8.0,0.8,55,2.2,0.658,2.35,525,340,525.0,100.0,35.0,0.4,,,1.05,0.9,1.2,,,Ranged,2010-11-02,V1.0.0.104,V14.1,Burst,Middle,Middle,3,1,2,3,1,100,Magic,3150,790,Mirror Image,Sigil of Malice,Distortion,Ethereal Chains,Mimic,Mirror Image,-0.133333340287208,1700.0,,,20.0,0.9,,0.95,Emilia (Evaine) LeBlanc,,,,,,,,,20.0,,,,,,LB,,,,,,,,,,,
Lee Sin,64.0,LeeSin,the Blind Monk,2,Fighter,Assassin,Energy,645,105.0,200,0.0,36.0,4.9,32.0,2.05,7.5,0.7,50.0,0.0,66,3.7,0.651,3.0,125,345,400.0,102.777801513671,35.0,0.651000022888183,,,1.05,0.95,,,,Melee,2011-04-01,V1.0.0.114,V13.19,Diver,Jungle,Jungle,3,2,2,3,1,55,Physical,1350,585,Flurry,Sonic Wave,Safeguard,Tempest,Dragon's Rage,Flurry,-0.104687497019767,,,1.2,,,,0.95,,,1.2,,1.2,,,,,,,,,,,,,,,,,,,,,,
Leona,89.0,Leona,the Radiant Dawn,1,Tank,Support,Mana,646,101.0,302,40.0,47.0,4.8,32.0,2.05,8.5,0.85,6.0,0.8,60,3.0,0.625,2.9,125,335,400.0,75.0,35.0,0.625,,,0.9,1.05,,,,Melee,2011-07-13,V1.0.0.121,V13.24,Vanguard,Support,Support,1,3,3,1,1,90,Physical,450,260,Sunlight,Shield of Daybreak,Eclipse,Zenith Blade,Solar Flare,Sunlight,-0.0708333328366279,,,,,,,,,,,,,,,,,,,,,,,,,,,,,,,,,,
Lillia,876.0,Lillia,the Bashful Bloom,3,Fighter,Mage,Mana,605,105.0,410,50.0,22.0,5.2,32.0,1.55,2.5,0.55,11.5,0.95,61,3.1,0.625,2.7,325,330,400.0,135.0,35.0,0.625,,,0.9,1.05,,,,Melee,2020-07-22,V10.15,V14.3,Skirmisher,Top,Top,3,1,2,2,2,80,Magic,4800,880,Dream-Laden Bough,Blooming Blows,Watch Out! Eep!,Swirlseed,Lilting Lullaby,Dream-Laden Bough,-0.1529411765,,,,,,0.98,,,,,0.95,,,,,,,,,,,,Cute jungler,,,,,,,,,,,
Lissandra,127.0,Lissandra,the Ice Witch,2,Mage,,Mana,620,110.0,475,30.0,22.0,4.9,30.0,1.3,7.0,0.55,8.0,0.4,55,2.7,0.656,1.5,550,325,600.0,88.8889007568359,35.0,0.625,,,0.9,1.05,,,,Ranged,2013-04-30,V3.6,V13.22,Burst,Middle,Middle,3,1,3,2,1,100,Magic,4800,880,Iceborn Subjugation,Ice Shard,Ring of Frost,Glacial Path,Frozen Tomb,Iceborn Subjugation,-0.112499997019767,2200.0,,,,,,,,,,,,,,,,,,,,,,,,,,,,,,,,,
Lucian,236.0,Lucian,the Purifier,2,Marksman,,Mana,641,100.0,320,43.0,28.0,4.2,30.0,1.3,3.75,0.65,7.0,0.8,60,2.9,0.638,3.3,500,335,800.0,100.0,40.6800003051757,0.638000011444091,,,1.05,0.95,1.2,0.95,1.05,Ranged,2013-08-22,V3.10a,V14.2,Marksman,Bottom,Middle,3,1,1,3,1,30,Physical,1350,585,Lightslinger,Piercing Light,Ardent Blaze,Relentless Pursuit,The Culling,Lightslinger,-0.150000005960464,2800.0,,,,,,,,,,,,,,,,10.0,,,,,,,,,,,,,,,,,
Lulu,117.0,Lulu,the Fae Sorceress,2,Support,Mage,Mana,595,92.0,350,55.0,26.0,4.9,30.0,1.3,6.0,0.6,11.0,0.6,47,2.6,0.625,2.25,550,330,625.0,100.0,30.0,0.625,,,1.05,,,,,Ranged,2012-03-20,V1.0.0.136,V14.2,Enchanter,Support,Support,2,1,2,1,3,80,Magic,4800,880,"Pix, Faerie Companion",Glitterlance,Whimsy,"Help, Pix!",Wild Growth,"Pix, Faerie Companion",-0.112499997019767,1450.0,,,,,,,,,,,1.1,,,,,,,,,,,,,,,,,,,,,,
Lux,99.0,Lux,the Lady of Luminosity,1,Mage,Support,Mana,580,99.0,480,23.5,21.0,5.2,30.0,1.3,5.5,0.55,7.0,0.8,54,3.3,0.669,3.0,550,330,625.0,100.0,35.0,0.625,,,0.85,1.1,,0.95,1.0,Ranged,2010-10-19,V1.0.0.103,V14.2,Burst,Middle,Middle,3,1,2,1,2,90,Magic,450,260,Illumination,Light Binding,Prismatic Barrier,Lucent Singularity,Final Spark,Illumination,-0.143749997019767,1600.0,,,,,,,Luxanna Crownguard,,,,0.8,,,,,,,,,,,,,,,,,,,,,,
Malphite,54.0,Malphite,Shard of the Monolith,1,Tank,Fighter,Mana,644,104.0,280,60.0,37.0,4.95,28.0,2.05,7.0,0.55,7.3,0.55,62,4.0,0.736,3.4,125,335,400.0,125.0,50.0,0.638000011444091,,,,,,0.95,,Melee,2009-09-02,V0.9.22.16,V13.8,Vanguard,Top,Top,1,3,3,1,1,75,Magic,450,260,Granite Shield,Seismic Shard,Thunderclap,Ground Slam,Unstoppable Force,Granite Shield,-0.0503188781440258,,,,,,0.95,,,80.0,,,,,,,,,,,,,,,,,,,,,,,,,
Malzahar,90.0,Malzahar,the Prophet of the Void,1,Mage,Assassin,Mana,580,101.0,375,28.0,18.0,4.7,30.0,1.3,6.0,0.6,8.0,0.8,55,3.0,0.625,1.5,500,335,600.0,88.8889007568359,35.0,0.625,,,0.9,1.1,,0.92,1.08,Ranged,2010-06-01,V1.0.0.86,V13.19,Battlemage,Top,Middle,3,1,3,1,2,100,Magic,4800,880,Void Shift,Call of the Void,Void Swarm,Malefic Visions,Nether Grasp,Void Shift,-0.109999999403953,2000.0,,,,,,,,,,,,,,,,,,,,,,,,,,,,,,,,,
Maokai,57.0,Maokai,the Twisted Treant,1,Tank,Mage,Mana,635,109.0,375,43.0,39.0,5.2,32.0,2.05,5.0,0.75,6.0,0.6,64,3.3,0.8,2.125,125,335,600.0,125.0,50.0,0.694999992847442,,,0.8,1.1,,1.0,1.05,Melee,2011-02-16,V1.0.0.111,V14.3,Vanguard,Top,Top,1,3,3,1,2,75,Magic,4800,880,Sap Magic,Bramble Smash,Twisted Advance,Sapling Toss,Nature's Grasp,Sap Magic,0.0,,,,,1.05,,1.05,,80.0,0.8,,,,,,,,,,0.7,0.95,,,,,,0.95,0.95,,,,,,
Master Yi,11.0,MasterYi,the Wuju Bladesman,1,Assassin,Fighter,Mana,669,100.0,251,42.0,33.0,4.2,32.0,2.05,7.5,0.65,7.25,0.45,65,2.2,0.679,2.0,175,355,600.0,125.0,35.0,0.67900002002716,,,1.0,0.97,,0.9,1.0,Melee,2009-02-21,Alpha Week 2,V14.2,Skirmisher,Jungle,Jungle,3,1,1,2,1,10,Physical,450,260,Double Strike,Alpha Strike,Meditate,Wuju Style,Highlander,Double Strike,-0.0562499985098838,,1.05,,,,,,,,,,,,,,,,,,0.8,,,,,,,,,,,,,,
Milio,902.0,Milio,The Gentle Flame,1,Support,Mage,Mana,560,88.0,365,43.0,26.0,4.6,30.0,1.3,5.0,0.5,11.5,0.4,48,3.2,0.625,3.0,525,330,550.0,125.0,35.0,0.625,,,,,,,,Ranged,2023-03-23,V13.6,V13.21,Enchanter,Support,Support,1,1,2,3,3,80,Magic,6300,975,Fired Up!,Ultra Mega Fire Kick,Cozy Campfire,Warm Hugs,Breath of Life,Fired Up!,-0.1285714,,,,,,,,,65.0,0.95,,0.9,,,,,,,,,,,,,,,,,,,,,,
Miss Fortune,21.0,MissFortune,the Bounty Hunter,1,Marksman,,Mana,640,103.0,300,40.0,28.0,4.2,30.0,1.3,3.75,0.65,8.0,0.8,52,2.4,0.656,3.0,550,325,800.0,100.0,35.0,0.656000018119812,,,0.9,1.15,,,,Ranged,2010-09-08,V1.0.0.100,V13.3,Marksman,Bottom,Bottom,3,1,1,1,1,30,Physical,450,260,Love Tap,Double Up,Strut,Make It Rain,Bullet Time,Love Tap,-0.151993364095687,2000.0,0.95,,,,,,Sarah Fortune,,,1.05,,,,,,,,,,,,MF,,,,,,,,,,,
Mordekaiser,82.0,Mordekaiser,the Iron Revenant,2,Fighter,,Shield,645,104.0,0,0.0,37.0,4.2,32.0,2.05,5.0,0.75,0.0,0.0,61,4.0,0.625,1.0,175,335,400.0,125.0,35.0,0.625,0.5,2.36599993705749,0.95,1.05,,,0.85,Melee,2010-02-24,V1.0.0.75,V14.1,Juggernaut,Top,Top,3,2,1,1,2,80,Magic,1350,585,Darkness Rise,Obliterate,Indestructible,Death's Grasp,Realm of Death,Darkness Rise,-0.100000001490116,,1.05,,,,0.95,1.05,,80.0,,,,,,,,,,,,,,,,,,,,,,,,,
Morgana,25.0,Morgana,the Fallen,1,Mage,Support,Mana,630,104.0,340,60.0,25.0,5.0,30.0,1.3,5.5,0.4,11.0,0.4,56,3.5,0.625,1.53,450,335,600.0,120.0,35.0,0.625,,,0.9,1.05,,0.9,1.05,Ranged,2009-02-21,Alpha Week 2,V13.24,Catcher,Jungle,Support,2,1,3,1,2,100,Magic,1350,585,Soul Siphon,Dark Binding,Tormented Shadow,Black Shield,Soul Shackles,Soul Siphon,-0.159999996423721,1600.0,,,,1.0,,,,,,,,,,,,,,,,0.95,,,,,,,,,,,,,
Naafiri,950.0,Naafiri,the Hound of a Hundred Bites,1,Assassin,Fighter,Mana,635,120.0,400,55.0,30.0,4.7,32.0,2.05,9.0,0.9,7.5,1.0,55,2.1,0.663,2.1,125,340,400.0,111.11,35.0,0.625,,,1.05,1.05,,,,Melee,2023-07-19,V13.14,V14.1,Assassin,Top,Middle,3,1,1,3,1,70,Physical,6300,975,We Are More,Darkin Daggers,Hounds' Pursuit,Eviscerate,The Call of the Pack,We Are More,-0.125,,,,,,,,,55.0,,,,,,,,,,,,,,,,,,,,,,,,,
Nami,267.0,Nami,the Tidecaller,2,Support,Mage,Mana,560,88.0,365,43.0,29.0,5.2,30.0,1.3,5.5,0.55,11.5,0.4,51,3.1,0.644,2.61,550,335,600.0,125.0,35.0,0.643999993801116,,,,1.05,,,,Ranged,2012-12-07,V1.0.0.152,V14.2,Enchanter,Support,Support,1,1,3,1,2,90,Magic,3150,790,Surging Tides,Aqua Prison,Ebb and Flow,Tidecaller's Blessing,Tidal Wave,Surging Tides,-0.11999999731779,1500.0,,,,,1.05,0.93,,,0.95,,,,,,,,,1.2,,,,,,,,,,,,,,,
Nasus,75.0,Nasus,the Curator of the Sands,1,Fighter,Tank,Mana,631,104.0,326,62.0,34.0,4.7,32.0,2.05,9.0,0.9,7.45,0.5,67,3.5,0.638,3.48,125,350,350.0,135.0,50.0,0.638000011444091,,,0.9,1.1,,,,Melee,2009-10-01,V0.9.25.24,V13.12,Juggernaut,Top,Top,2,3,2,1,1,20,Physical,1350,585,Soul Eater,Siphoning Strike,Wither,Spirit Fire,Fury of the Sands,Soul Eater,-0.0986036509275436,,0.95,,,,,,,80.0,,,,,,,,,,,,0.95,,,,,,,,,,,,,
Nautilus,111.0,Nautilus,the Titan of the Depths,2,Tank,Support,Mana,646,100.0,400,47.0,39.0,4.95,32.0,2.05,8.5,0.55,8.65,0.5,61,3.3,0.706,1.0,175,325,400.0,125.0,50.0,0.611999988555908,,,0.95,1.1,,,,Melee,2012-02-14,V1.0.0.134,V13.17,Vanguard,Support,Support,1,3,3,1,1,80,Magic,4800,880,Staggering Blow,Dredge Line,Titan's Wrath,Riptide,Depth Charge,Staggering Blow,0.00637254910543561,,,,,,,,,80.0,,,,,,,,,,,,,,,,,,,,,,,,,
Neeko,518.0,Neeko,the Curious Chameleon,1,Mage,Support,Mana,610,104.0,450,30.0,21.0,5.2,30.0,1.3,7.5,0.75,7.0,0.7,48,2.5,0.625,3.5,550,340,600.0,90.0,35.0,0.67,0.3100000023841858,1.54999995231628,,,,,,Ranged,2018-12-05,V8.24,V14.3,Burst,Middle,Middle,3,1,3,1,1,80,Magic,4800,880,Inherent Glamour,Blooming Burst,Shapesplitter,Tangle-Barbs,Pop Blossom,Inherent Glamour,,2000.0,0.95,,,,0.98,,,65.0,,,,,,,,,,,,,,,,,,,,,,,,,
Nidalee,76.0,Nidalee,the Bestial Huntress,2,Assassin,Mage,Mana,610,109.0,295,45.0,32.0,5.0,30.0,1.45,6.0,0.6,6.0,0.8,58,3.5,0.638,3.22,525,340,,110.0,35.0,0.638000011444091,,,1.1,,,1.05,0.95,Ranged,2009-12-17,V1.0.0.63,V14.3,Specialist,Jungle,Jungle,3,1,1,3,2,75,Magic,3150,790,Prowl,Javelin Toss,Bushwhack,Primal Surge,Aspect of the Cougar,Prowl,-0.150000005960464,2500.0,0.95,,,0.9,1.07,0.95,,,,1.05,,,,,,,,,,1.05,,,,,,1.1,1.1,1.2,,,,,
Nilah,895.0,Nilah,the Joy Unbound,3,Fighter,Assassin,Mana,570,101.0,350,35.0,27.0,4.2,32.0,2.05,4.0,0.9,8.2,0.7,58,2.0,0.697,3.0,225,340,400.0,75.0,32.0,0.67,,,0.95,,,,,Melee,2022-07-13,V12.13,V14.2,Skirmisher,Bottom,Bottom,3,1,1,3,2,25,Physical,4800,880,Joy Unending,Formless Blade,Jubilant Veil,Slipstream,Apotheosis,Joy Unending,-0.08,,,,,,,,,65.0,1.0,,,,,,,,,,,,,,,,,,,,,,,,
Nocturne,56.0,Nocturne,the Eternal Nightmare,1,Assassin,Fighter,Mana,655,109.0,275,35.0,38.0,4.7,32.0,1.55,7.0,0.75,7.0,0.45,62,2.6,0.721,2.7,125,345,600.0,120.0,35.0,0.721,,,1.1,0.85,,0.95,1.0,Melee,2011-03-15,V1.0.0.113,V14.2,Assassin,Jungle,Jungle,3,1,2,2,2,30,Physical,3150,790,Umbra Blades,Duskbringer,Shroud of Darkness,Unspeakable Horror,Paranoia,Umbra Blades,-0.0994652435183525,,,,,,0.95,,,,1.2,,,,,,,,,,,,,,,,,,,,,,,,
Nunu & Willump,20.0,Nunu,the Boy and His Yeti,1,Tank,Fighter,Mana,610,90.0,280,42.0,29.0,4.2,32.0,2.05,5.0,0.8,7.0,0.5,61,3.0,0.625,2.25,125,345,600.0,140.0,35.0,0.625,,,1.1,0.9,1.2,1.08,0.95,Melee,2009-02-21,Alpha Week 2,V13.19,Vanguard,Jungle,Jungle,1,3,2,1,2,80,Magic,450,260,Call of the Freljord,Consume,Biggest Snowball Ever!,Snowball Barrage,Absolute Zero,Call of the Freljord,-0.106413997709751,,0.95,,20.0,0.9,1.05,0.92,Nunu & Willump,,1.1,1.05,1.2,,,,,,,1.05,,1.1,,,,1.2,,,,1.2,,,,,
Olaf,2.0,Olaf,the Berserker,1,Fighter,Tank,Mana,645,119.0,316,50.0,35.0,4.2,32.0,2.05,6.5,0.6,7.5,0.6,68,4.7,0.694,2.7,125,350,400.0,111.111099243164,35.0,0.694000005722045,,,1.0,,,,,Melee,2010-06-09,V1.0.0.87,V13.7,Diver,Top,Top,2,2,2,1,1,30,Physical,3150,790,Berserker Rage,Undertow,Tough It Out,Reckless Swing,Ragnarok,Berserker Rage,-0.0656249970197677,,,,,,,,,,,,,,,,,,,,,,,,,,,,,,,,,,
Orianna,61.0,Orianna,the Lady of Clockwork,2,Mage,Support,Mana,585,110.0,418,25.0,20.0,4.2,26.0,1.3,7.0,0.55,8.0,0.8,40,2.6,0.658,3.5,525,325,525.0,120.0,35.0,0.657999992370605,,,,,,0.9,1.1,Ranged,2011-06-01,v1.0.0.119,V14.3,Burst,Middle,Middle,2,1,2,1,2,90,Magic,4800,880,Clockwork Windup,Command: Attack,Command: Dissonance,Command: Protect,Command: Shockwave,Clockwork Windup,-0.124561406672,1500.0,,,,,,,Orianna Reveck,,,,,,,,,,,,,,,,,,,,,,0.8,,,,
Ornn,516.0,Ornn,The Fire below the Mountain,2,Tank,Fighter,Mana,660,109.0,341,65.0,33.0,5.2,32.0,2.05,9.0,0.9,8.0,0.6,69,3.5,0.625,2.0,175,335,600.0,125.0,25.7665996551513,0.625,0.349999994039535,1.60000002384185,0.9,1.1,,1.05,0.95,Melee,2017-08-23,V7.17,V14.2,Vanguard,Top,Top,1,3,3,1,2,60,Physical,4800,880,Living Forge,Volcanic Rupture,Bellows Breath,Searing Charge,Call of the Forge God,Living Forge,,,,,,,,,,80.0,,,,,,,,,,,,,,,,,,,,,,,,,
Pantheon,80.0,Pantheon,the Unbreakable Spear,1,Fighter,Assassin,Mana,650,109.0,317,31.0,40.0,4.95,28.0,2.05,6.0,0.65,7.35,0.45,64,3.3,0.658,2.95,175,345,600.0,125.0,35.0,0.658,,,1.05,1.0,,,,Melee,2010-02-02,V1.0.0.72,V13.5,Diver,Top,Top,3,2,2,2,1,75,Physical,1350,585,Mortal Will,Comet Spear,Shield Vault,Aegis Assault,Grand Starfall,Mortal Will,-0.109687499701976,,,,,,0.98,1.02,Atreus,,,,,,,,,,,,,,,,,,,,,,,,,,
Poppy,78.0,Poppy,Keeper of the Hammer,2,Tank,Fighter,Mana,610,104.0,280,40.0,38.0,4.7,32.0,2.05,8.0,0.8,7.0,0.7,64,4.0,0.625,2.5,125,345,400.0,95.0,35.0,0.625,0.375,1.60000002384185,,,,,,Melee,2010-01-13,V1.0.0.70,V14.2,Warden,Top,Top,2,3,3,2,1,75,Physical,450,260,Iron Ambassador,Hammer Shock,Steadfast Presence,Heroic Charge,Keeper's Verdict,Iron Ambassador,,,,,,,,,,55.0,,,,,,,,,,,,,,,,,,,,,,,,,
Pyke,555.0,Pyke,the Bloodharbor Ripper,2,Support,Assassin,Mana,670,110.0,415,50.0,47.0,4.7,32.0,2.05,7.0,0.5,8.0,1.0,62,2.0,0.667,2.5,150,330,400.0,120.0,35.0,0.666999995708465,0.300000011920928,1.5,1.1,0.95,1.2,1.0,0.95,Melee,2018-05-31,V8.11,V14.3,Assassin,Support,Support,2,1,3,3,1,50,Physical,3150,790,Gift of the Drowned Ones,Bone Skewer,Ghostwater Dive,Phantom Undertow,Death from Below,Gift of the Drowned Ones,,,,,,1.0,,0.95,,,,,,,,,,,,,,1.05,,,,,,,,,,,,,
Qiyana,246.0,Qiyana,Empress of the Elements,3,Assassin,Fighter,Mana,590,124.0,375,60.0,28.0,4.7,32.0,2.05,6.0,0.9,8.0,0.7,66,3.1,0.688,2.1,150,335,,120.0,35.0,0.625,0.230000004172325,1.5,1.1,0.9,1.2,1.0,0.9,Melee,2019-06-28,V9.13,V14.1,Assassin,Jungle,Middle,3,1,2,2,1,70,Physical,4800,880,Royal Privilege,Edge of Ixtal,Terrashape,Audacity,Supreme Display of Talent,Royal Privilege,,,,,,,1.05,0.92,,,,,,,,,,,,,,,,,,,,,,,,,,,
Quinn,133.0,Quinn,Demacia's Wings,2,Marksman,Assassin,Mana,565,107.0,269,35.0,28.0,4.7,30.0,1.3,5.5,0.55,7.0,0.4,59,2.7,0.668,3.1,525,330,,120.0,35.0,0.667999982833862,,,1.1,0.9,1.2,1.0,0.95,Ranged,2013-03-01,V3.03,V13.20,Specialist,Top,Top,3,1,2,3,1,20,Physical,4800,880,Harrier,Blinding Assault,Heightened Senses,Vault,Behind Enemy Lines,Harrier,-0.12456139922142,2000.0,,,,,,,Quinn and Valor,,,,,,1.025,,,,,,,,,,,,,,,,,,,,
Rakan,497.0,Rakan,The Charmer,2,Support,,Mana,610,99.0,315,50.0,30.0,4.9,32.0,2.05,5.0,0.5,8.75,0.5,62,3.5,0.635,3.0,300,335,475.0,125.0,35.0,0.634999990463256,0.270000010728836,1.57500004768371,,,,,,Melee,2017-04-19,V7.8,V14.2,Catcher,Support,Support,1,2,3,3,3,90,Magic,4800,880,Fey Feathers,Gleaming Quill,Grand Entrance,Battle Dance,The Quickness,Fey Feathers,,,,,,,,,,,,,,,,,,,,,,,,,,,,,,,,,,,
Rammus,33.0,Rammus,the Armordillo,1,Tank,Fighter,Mana,675,94.0,310,33.0,40.0,5.5,32.0,2.05,8.0,0.55,7.85,0.5,55,2.75,0.656,2.215,125,335,600.0,120.0,35.0,0.625,,,1.0,1.0,,1.1,0.85,Melee,2009-07-10,"July 10, 2009 Patch",V14.2,Vanguard,Jungle,Jungle,2,3,3,2,1,65,Physical,1350,585,Spiked Shell,Powerball,Defensive Ball Curl,Frenzying Taunt,Soaring Slam,Spiked Shell,-0.0708333328366279,,0.95,,,,1.05,,,,,1.05,,,,,,,,,,,,,,,,,,,,,,,
Rek'Sai,421.0,RekSai,the Void Burrower,2,Fighter,,Rage,600,99.0,100,0.0,36.0,4.95,32.0,2.05,7.5,0.65,0.0,0.0,58,3.0,0.667,2.0,175,335,600.0,100.0,30.0,0.666999995708465,0.400000005960464,1.5,1.05,0.9,1.2,1.07,0.93,Melee,2014-12-11,V4.21,V13.19,Diver,Jungle,Jungle,2,2,2,2,2,30,Physical,4800,880,Fury of the Xer'Sai,Queen's Wrath,Burrow,Furious Bite,Void Rush,Fury of the Xer'Sai,-0.0916666686534881,,,,,0.9,1.05,0.93,,,1.2,,,,,,,,,1.2,1.2,1.05,,,,,,,,,,,,,
Rell,526.0,Rell,the Iron Maiden,2,Tank,Support,Mana,610,104.0,350,45.0,36.0,4.2,30.0,1.85,7.5,0.85,6.0,0.35,55,3.0,0.625,1.5,175,330,400.0,120.0,35.0,0.625,0.42,2.0,0.95,1.05,,,,Melee,2020-12-10,V10.25,V13.23,Vanguard,Jungle,Support,1,3,3,2,2,85,Magic,4800,880,Break the Mold,Shattering Strike,Ferromancy: Crash Down,Full Tilt,Magnet Storm,Break the Mold,,,1.05,,,,1.05,,,,0.9,0.9,0.9,,,,,,,,,,0.400000006,"Darkrider, DarkSupport",,,,,,,,,,,
Renata Glasc,888.0,Renata,the Chem-Baroness,2,Support,Mage,Mana,545,94.0,350,50.0,27.0,4.7,30.0,1.3,5.5,0.55,11.5,0.5,49,3.0,0.625,2.11,550,330,550.0,100.0,35.0,0.625,,,0.95,1.05,,,,Ranged,2022-02-17,V12.4,V13.22,Enchanter,Support,Support,2,1,3,1,2,80,Magic,4800,880,Leverage,Handshake,Bailout,Loyalty Program,Hostile Takeover,Leverage,-0.112,1800.0,,,,,1.1,0.95,,65.0,,,0.8,,,,,,,,,,,Renata,,1.2,,,,,,,,,
Renekton,58.0,Renekton,the Butcher of the Sands,1,Fighter,Tank,Fury,660,111.0,100,0.0,35.0,5.2,28.0,2.05,8.0,0.75,0.0,0.0,69,4.15,0.665,2.75,125,345,600.0,125.0,50.0,0.665000021457672,,,1.0,,,,,Melee,2011-01-18,V1.0.0.109,V13.19,Diver,Top,Top,2,2,2,2,1,45,Physical,4800,880,Reign of Anger,Cull the Meek,Ruthless Predator,Slice,Dominus,Reign of Anger,-0.122695036232471,,,,,,,,,80.0,1.2,,,,,,,,,,,,,,,,,,,,,,,,
Rengar,107.0,Rengar,the Pridestalker,2,Assassin,Fighter,Ferocity,590,104.0,4,0.0,34.0,4.2,32.0,2.05,6.0,0.5,0.0,0.0,68,3.0,0.667,3.0,125,345,600.0,70.0,35.0,0.666999995708465,0.300000011920928,1.5,1.0,0.92,1.2,,,Melee,2012-08-21,V1.0.0.145,V14.3,Assassin,Top,Top,3,1,2,2,1,30,Physical,4800,880,Unseen Predator,Savagery,Battle Roar,Bola Strike,Thrill of the Hunt,Unseen Predator,,,,,,,1.05,0.95,,,,,,,,,,,,,,,,,,,,,,,,,,,
Riven,92.0,Riven,the Exile,2,Fighter,Assassin,None,630,100.0,0,0.0,33.0,4.4,32.0,2.05,8.5,0.5,0.0,0.0,64,3.0,0.625,3.5,125,340,600.0,130.0,35.0,0.625,,,1.05,0.92,,1.0,0.95,Melee,2011-09-14,V1.0.0.125,V14.2,Skirmisher,Top,Top,3,2,2,3,1,75,Physical,4800,880,Runic Blade,Broken Wings,Ki Burst,Valor,Blade of the Exile,Runic Blade,-0.133333340287208,,,,,1.0,,,Konte Riven,,,,1.0,,,,,,,,,1.05,,,,,,,,,,,,,
Rumble,68.0,Rumble,the Mechanized Menace,2,Fighter,Mage,Heat,625,105.0,150,0.0,36.0,4.7,28.0,1.55,7.0,0.6,0.0,0.0,64,3.2,0.644,1.85,125,345,600.0,165.0,35.0,0.643999993801116,,,1.0,1.0,,,,Melee,2011-04-26,V1.0.0.116,V14.2,Battlemage,Top,Top,3,2,2,1,1,90,Magic,4800,880,Junkyard Titan,Flamespitter,Scrap Shield,Electro Harpoon,The Equalizer,Junkyard Titan,-0.1,,,,,,,,,80.0,,,,,,,,,,,,,,,,,,,,,,,,,
Ryze,13.0,Ryze,the Rune Mage,2,Mage,Fighter,Mana,645,124.0,300,70.0,22.0,4.2,32.0,1.3,8.0,0.8,8.0,1.0,58,3.0,0.658,2.11,550,340,575.0,120.0,35.0,0.625,,,1.05,0.95,,,,Ranged,2009-02-21,Alpha Week 2,V13.22,Battlemage,Top,Top,3,1,2,2,2,100,Magic,4800,260,Arcane Mastery,Overload,Rune Prison,Spell Flux,Realm Warp,Arcane Mastery,-0.100000001490116,2400.0,,,,,1.03,,,,,,,,,,,,,,,,,,,,,,,,,,,,
Samira,360.0,Samira,the Desert Rose,2,Marksman,,Mana,630,108.0,349,38.0,26.0,4.7,30.0,1.3,3.25,0.55,8.2,0.7,57,3.3,0.658,3.3,500,335,800.0,100.0,40.68,0.658,,,0.95,1.05,,0.95,1.0,Ranged,2020-09-21,V10.19,V13.23,Marksman,Bottom,Bottom,3,2,1,3,1,0,Physical,3150,790,Daredevil Impulse,Flair,Blade Whirl,Wild Rush,Inferno Trigger,Daredevil Impulse,-0.150000006,2800.0,1.0,,,,,,,65.0,,0.9,,,,,,,,,,,,,,,,,,,,0.99,,,
Sejuani,113.0,Sejuani,Fury of the North,2,Tank,Fighter,Mana,630,114.0,400,40.0,34.0,5.45,32.0,2.05,8.5,1.0,7.0,0.7,66,4.0,0.688,3.5,150,340,,140.0,50.0,0.625,0.300000011920928,1.60000002384185,1.05,0.92,,,,Melee,2012-01-17,V1.0.0.132,V13.15,Vanguard,Jungle,Jungle,2,2,3,2,1,75,Magic,450,260,Fury of the North,Arctic Assault,Winter's Wrath,Permafrost,Glacial Prison,Fury of the North,,,,,,,,,,80.0,,,,,,,,,,,,,,,,,,,,,,,,,
Senna,235.0,Senna,the Redeemer,2,Marksman,Support,Mana,530,89.0,350,45.0,28.0,4.7,30.0,1.3,3.5,0.55,11.5,0.7,50,0.0,0.625,4.0,600,330,800.0,115.0,35.0,0.4,0.5,1.60000002384185,0.94,1.05,,,,Ranged,2019-11-10,V9.22,V13.24,Marksman,Support,Support,2,1,2,1,3,30,Physical,3150,790,Absolution,Piercing Darkness,Last Embrace,Curse of the Black Mist,Dawning Shadow,Basic Attack,,0.0,1.0,,,,1.05,0.9,,,,1.1,,,,,,,,,,,0.600000023841857,,,,,,,1.2,,,,,
Seraphine,147.0,Seraphine,the Starry-Eyed Songstress,1,Mage,Support,Mana,570,90.0,360,50.0,26.0,4.2,30.0,1.3,6.5,0.6,11.5,0.4,55,3.0,0.669,2.0,525,325,525.0,120.0,35.0,0.625,,,0.85,1.2,,0.92,1.0,Ranged,2020-10-29,V10.22,V13.22,Burst,Middle,Bottom,3,1,3,1,2,100,Magic,3150,790,Stage Presence,High Note,Surround Sound,Beat Drop,Encore,Stage Presence,-0.112999998,1800.0,,,,,,,,,0.8,,0.8,,,,,-20.0,,,0.8,0.95,,,,,,0.9,0.9,,,,,,
Sett,875.0,Sett,the Boss,2,Fighter,Tank,Grit,670,114.0,0,0.0,33.0,5.2,28.0,2.05,7.0,0.5,0.0,0.0,60,4.0,0.625,1.75,125,340,600.0,100.0,35.0,0.625,,,0.9,1.1,,1.05,0.92,Melee,2020-01-14,V10.1,V13.17,Juggernaut,Top,Top,2,2,2,2,1,40,Physical,1350,585,Pit Grit,Knuckle Down,Haymaker,Facebreaker,The Show Stopper,Pit Grit,-0.0857142857,,1.05,,,1.0,0.95,1.05,,,0.9,0.95,0.9,,,,,-20.0,,,,0.95,,,,,,,,,,,,,
Shaco,35.0,Shaco,the Demon Jester,2,Assassin,,Mana,630,99.0,297,40.0,30.0,4.0,32.0,2.05,8.5,0.55,6.0,0.35,63,3.0,0.694,3.0,125,345,400.0,135.0,35.0,0.694000005722045,,,1.05,,,0.9,1.1,Melee,2009-10-10,V0.9.25.34,V14.3,Assassin,Jungle,Jungle,3,1,2,2,2,45,Physical,3150,790,Backstab,Deceive,Jack in the Box,Two-Shiv Poison,Hallucinate,Backstab,-0.0784961655735969,,,,,,,,,,,,,,,,,,,,,,,,,,,,,,,,,,
Shen,98.0,Shen,the Eye of Twilight,2,Tank,,Energy,610,99.0,400,0.0,34.0,4.2,32.0,2.05,8.5,0.75,50.0,0.0,64,3.0,0.751,3.0,125,340,400.0,100.0,35.0,0.651000022888183,0.266660004854202,1.53600001335144,,1.05,,1.0,1.05,Melee,2010-03-24,V1.0.0.81,V14.2,Warden,Top,Top,2,3,2,2,3,45,Physical,3150,790,Ki Barrier,Twilight Assault,Spirit's Refuge,Shadow Dash,Stand United,Ki Barrier,,,,,,,0.95,,,,,,,,,,,,,,,,,,,,,,,,,,,,
Shyvana,102.0,Shyvana,the Half-Dragon,1,Fighter,Tank,Fury,665,104.0,100,0.0,38.0,4.55,32.0,2.05,8.5,0.8,0.0,0.0,66,3.0,0.658,2.5,125,350,600.0,100.0,35.0,0.657999992370605,,,0.95,0.95,,0.85,,Melee,2011-11-01,V1.0.0.128,V14.3,Juggernaut,Top,Jungle,2,2,1,2,1,55,Physical,3150,790,Fury of the Dragonborn,Twin Bite,Burnout,Flame Breath,Dragon's Descent,Fury of the Dragonborn,-0.102631576359272,,,,,,,1.02,,,,,,,,,,,,,,,,,,,,,,,,,,,
Singed,27.0,Singed,the Mad Chemist,2,Tank,Fighter,Mana,650,99.0,330,45.0,34.0,4.7,32.0,2.05,9.5,0.55,7.5,0.55,63,3.4,0.625,1.9,125,345,300.0,135.0,35.0,0.625,,,0.9,1.1,,0.9,,Melee,2009-04-18,"April 18, 2009 Patch",V13.22,Specialist,Top,Top,2,3,2,2,1,100,Magic,4800,260,Noxious Slipstream,Poison Trail,Mega Adhesive,Fling,Insanity Potion,Noxious Slipstream,-0.1,,1.05,,,1.0,,,,,,,,,,,,,,,,0.95,,,,,,,,,,,,,
Sion,14.0,Sion,The Undead Juggernaut,1,Tank,Fighter,Mana,655,87.0,400,52.0,32.0,4.2,32.0,2.05,7.5,0.8,8.0,0.6,68,4.0,0.679,1.3,175,345,600.0,125.0,25.7665996551513,0.67900002002716,,,0.9,1.1,0.8,1.1,0.92,Melee,2009-02-21,Alpha Week 2,V14.2,Vanguard,Top,Top,2,3,3,1,1,65,Physical,1350,585,Glory in Death,Decimating Smash,Soul Furnace,Roar of the Slayer,Unstoppable Onslaught,Glory in Death,-0.0509057976305484,,,,,1.05,,,,80.0,,,0.8,,,,,-20.0,,,,1.0,,,,,,,,,1.2,,,,
Sivir,15.0,Sivir,the Battle Mistress,2,Marksman,,Mana,600,104.0,340,45.0,26.0,4.45,30.0,1.3,3.25,0.55,6.0,0.8,58,2.5,0.625,2.0,500,335,500.0,115.0,35.0,0.625,,,0.92,1.05,,0.9,1.0,Ranged,2009-02-21,Alpha Week 2,V13.12,Marksman,Bottom,Bottom,3,1,1,1,2,10,Physical,450,260,Fleet of Foot,Boomerang Blade,Ricochet,Spell Shield,On the Hunt,Fleet of Foot,-0.180000007152557,1750.0,,,,1.05,,,,,,,,,,,,,,,,0.95,,,,,,,,,,,,,
Skarner,72.0,Skarner,the Crystal Vanguard,1,Fighter,Tank,Mana,650,99.0,320,60.0,38.0,5.0,32.0,2.05,9.0,0.85,7.2,0.45,65,4.5,0.625,2.1,125,335,600.0,130.0,50.0,0.625,,,,,,,,Melee,2011-08-09,V1.0.0.123,V13.4,Diver,Top,Jungle,1,3,3,1,1,45,Physical,4800,880,Crystal Spires,Crystal Slash,Crystalline Exoskeleton,Fracture,Impale,Crystal Spires,-0.11999999731779,,,,,,,0.97,,80.0,,,,,,,,,,,,,0.5,,,,,,,,,,,,
Smolder,901.0,Smolder,the Fiery Fledgling,2,Marksman,Mage,Mana,575,100.0,300,40.0,24.0,4.7,30.0,1.3,3.0,0.6,8.5,0.7,56,2.5,0.638,4.0,550,330,900.0,130.0,30.0,0.638,,,,,,,,Ranged,2024-01-31,V14.2,V14.3,Marksman,Bottom,Bottom,3,1,1,1,1,10,Physical,6300,975,Dragon Practice,Super Scorcher Breath,Achooo!,"Flap, Flap, Flap",MMOOOMMMM!,Dragon Practice,-0.13377659,1800.0,,,,,,,Ignacarious Gigantareno Rex Le Spes Offerentis,,,,,,,,,,,,,,,,,,,,,,,,,,
Sona,37.0,Sona,Maven of the Strings,1,Support,Mage,Mana,550,91.0,340,45.0,26.0,4.2,30.0,1.3,5.5,0.55,11.5,0.4,49,3.0,0.644,2.3,550,325,800.0,110.0,35.0,0.643999993801116,,,0.95,1.1,,0.9,1.0,Ranged,2010-09-21,V1.0.0.101,V13.21,Enchanter,Support,Support,2,1,2,1,2,90,Magic,450,260,Power Chord,Hymn of Valor,Aria of Perseverance,Song of Celerity,Crescendo,Power Chord,-0.12817870080471,1500.0,,,,,,,Sona Buvelle,,0.85,,0.85,,,,,-20.0,,,0.7,0.95,,,,,,0.9,0.9,,,,,,
Soraka,16.0,Soraka,the Starchild,1,Support,Mage,Mana,605,88.0,425,40.0,32.0,5.0,30.0,1.3,2.5,0.5,11.5,0.4,50,3.0,0.625,2.14,550,325,600.0,110.0,44.2000007629394,0.625,,,,,,1.05,0.92,Ranged,2009-02-21,Alpha Week 2,V13.17,Enchanter,Support,Support,1,1,2,1,3,100,Magic,450,260,Salvation,Starcall,Astral Infusion,Equinox,Wish,Salvation,-0.112999998033046,1000.0,,,,,1.03,0.97,,,,,,,,,,,,1.1,,,,,,,,,,,,,Health,,
Swain,50.0,Swain,the Noxian Grand General,2,Mage,Fighter,Mana,595,99.0,468,29.0,26.0,5.2,30.0,1.3,7.0,0.65,8.0,0.8,58,2.7,0.625,2.11,525,330,525.0,100.0,35.0,0.625,,,0.9,1.15,,,,Ranged,2010-10-05,V1.0.0.102,V14.2,Battlemage,Top,Top,2,2,2,1,1,100,Magic,3150,790,Ravenous Flock,Death's Hand,Vision of Empire,Nevermove,Demonic Ascension,Ravenous Flock,-0.159999996423721,1800.0,,,,1.05,,,Jericho Swain,,0.8,,,,,,,,,,,0.95,,,,,,,,,,,,,
Sylas,517.0,Sylas,the Unshackled,3,Mage,Assassin,Mana,575,129.0,400,70.0,27.0,5.2,32.0,2.55,9.0,0.9,8.0,0.8,61,3.0,0.645,3.5,175,340,525.0,100.0,35.0,0.644999980926513,0.259999990463256,1.54999995231628,1.05,1.0,,0.95,1.0,Melee,2019-01-25,V9.2,V14.1,Burst,Top,Top,2,2,1,3,1,70,Magic,3150,790,Petricite Burst,Chain Lash,Kingslayer,Abscond,Hijack,Petricite Burst,-0.0994649976491928,,,,,,,,,,,,,,,,,,,,,,,,,,,,,,,,,,
Syndra,134.0,Syndra,the Dark Sovereign,2,Mage,,Mana,563,104.0,480,40.0,25.0,4.6,30.0,1.3,6.5,0.6,8.0,0.8,54,2.9,0.658,2.0,550,330,575.0,125.0,35.0,0.625,,,1.05,,,0.9,1.1,Ranged,2012-09-13,V1.0.0.147,V13.24,Burst,Middle,Middle,3,1,2,1,1,100,Magic,3150,790,Transcendent,Dark Sphere,Force of Will,Scatter the Weak,Unleashed Power,Transcendent,-0.112499997019767,1800.0,,,,,,,,,,,,,,,,,,,,,,,,,,,,,,,,,
Tahm Kench,223.0,TahmKench,The River King,1,Support,Tank,Mana,640,103.0,325,50.0,42.0,4.7,32.0,2.05,6.5,0.55,8.0,1.0,56,3.2,0.658,2.5,175,335,600.0,125.0,50.0,0.657999992370605,0.379999995231628,1.51900005340576,,1.0,,1.2,0.85,Melee,2015-07-09,V5.13,V14.2,Warden,Top,Top,2,3,2,1,3,65,Magic,4800,880,An Acquired Taste,Tongue Lash,Abyssal Dive,Thick Skin,Devour,An Acquired Taste,,,,,,,,,,80.0,,,,,,,,,,,,,,,,,,,,,,,,,
Taliyah,163.0,Taliyah,the Stoneweaver,2,Mage,Support,Mana,550,104.0,470,30.0,18.0,4.7,30.0,1.3,6.5,0.65,8.0,0.8,58,3.3,0.658,1.36,525,330,550.0,120.0,35.0,0.625,,,1.0,,,,,Ranged,2016-05-18,V6.10,V14.3,Battlemage,Jungle,Jungle,3,1,2,1,3,100,Magic,4800,880,Rock Surfing,Threaded Volley,Seismic Shove,Unraveled Earth,Weaver's Wall,Rock Surfing,-0.138541668653488,,,,-10.0,,1.05,0.9,,,,,,,,,,,,,,0.95,,,,,,,,,,,,,
Talon,91.0,Talon,the Blade's Shadow,2,Assassin,,Mana,658,109.0,400,37.0,30.0,4.7,39.0,2.05,8.5,0.75,7.6,0.8,68,3.1,0.625,2.9,125,335,400.0,120.0,35.0,0.625,0.197999998927116,1.60000002384185,1.05,0.95,1.2,,,Melee,2011-08-24,V1.0.0.124,V14.2,Assassin,Jungle,Middle,3,1,1,2,1,65,Physical,3150,790,Blade's End,Noxian Diplomacy,Rake,Assassin's Path,Shadow Assault,Blade's End,,,,,,,,,Talon Du Couteau,,,,,,,,,,,,,,,,,,,,,,,,,,
Taric,44.0,Taric,the Shield of Valoran,2,Support,Fighter,Mana,645,99.0,300,60.0,40.0,4.3,28.0,2.05,6.0,0.5,8.5,0.8,55,3.5,0.625,2.0,150,340,350.0,135.0,35.0,0.625,,,,1.05,,,,Melee,2009-08-19,V0.9.22.15,V14.2,Enchanter,Support,Support,1,2,2,1,3,75,Physical,1350,585,Bravado,Starlight's Touch,Bastion,Dazzle,Cosmic Radiance,Bravado,-0.11999999731779,,,,,,,0.92,,,,,,,,,,,,,0.85,,0.25,,,,,,,,,,,,
Teemo,17.0,Teemo,the Swift Scout,1,Marksman,Assassin,Mana,598,104.0,334,25.0,24.0,4.95,30.0,1.3,5.5,0.65,9.6,0.45,54,3.0,0.69,3.38,500,330,500.0,100.0,30.0,0.689999997615814,,,0.85,1.1,,0.95,1.0,Ranged,2009-02-21,Alpha Week 2,V14.3,Specialist,Top,Top,3,1,2,1,2,30,Physical,450,260,Guerrilla Warfare,Blinding Dart,Move Quick,Toxic Shot,Noxious Trap,Guerrilla Warfare,-0.1,1500.0,,,,1.05,,,,55.0,,,,,,,,-20.0,,,,0.9,,,,,,,,,,,,,
Thresh,412.0,Thresh,the Chain Warden,3,Support,Fighter,Mana,600,120.0,274,44.0,28.0,0.0,30.0,1.3,7.0,0.55,6.0,0.8,56,2.2,0.625,3.5,450,330,475.0,125.0,36.0,0.625,,,,,,1.0,0.87,Ranged,2013-01-23,V1.0.0.154,V13.7,Catcher,Support,Support,1,2,3,1,3,75,Physical,3150,790,Damnation,Death Sentence,Dark Passage,Flay,The Box,Damnation,-0.0604166686534881,0.0,1.0,,20.0,1.0,1.0,1.0,,,,1.0,,,,,1.2,,1.05,,,1.0,0.25,,,,,,,,1.2,1.0,,,
Tristana,18.0,Tristana,the Yordle Gunner,1,Marksman,Assassin,Mana,640,102.0,250,32.0,30.0,4.5,28.0,1.3,4.0,0.65,7.2,0.45,59,3.7,0.656,1.5,525,325,800.0,100.0,30.0,0.679,,,1.05,0.95,,,,Ranged,2009-02-21,Alpha Week 2,V13.16,Marksman,Middle,Bottom,3,1,2,2,1,20,Physical,1350,585,Draw a Bead,Rapid Fire,Rocket Jump,Explosive Charge,Buster Shot,Draw a Bead,-0.151993364095687,2250.0,,,,,,,,55.0,,,,,,,,,,,,,,,,,,,,,,,,,
Trundle,48.0,Trundle,the Troll King,1,Fighter,Tank,Mana,650,110.0,340,45.0,37.0,3.9,32.0,2.05,6.0,0.75,7.5,0.6,68,4.0,0.67,2.9,175,350,400.0,135.0,25.7665996551513,0.6700000166893,,,,1.05,,0.95,1.0,Melee,2010-12-01,V1.0.0.106,V14.3,Juggernaut,Top,Jungle,2,3,1,1,2,20,Physical,3150,790,King's Tribute,Chomp,Frozen Domain,Pillar of Ice,Subjugate,King's Tribute,-0.0916666686534881,,1.05,,,,0.95,1.07,,,1.0,,,,,,,,,,0.8,,,,,,,,,,,,,,
Tryndamere,23.0,Tryndamere,the Barbarian King,1,Fighter,Assassin,Fury,696,108.0,100,0.0,33.0,4.3,32.0,2.05,8.5,0.9,0.0,0.0,66,4.0,0.67,2.9,175,345,400.0,135.0,35.0,0.6700000166893,,,1.1,0.9,,,,Melee,2009-05-01,"May 1, 2009 Patch",V13.21,Skirmisher,Top,Top,3,2,1,2,1,10,Physical,1350,585,Battle Fury,Bloodlust,Mocking Shout,Spinning Slash,Undying Rage,Battle Fury,-0.109999999403953,,,,,,,,,,1.35,,,,,,,,,,,,,,,,,,,,,,,,
Twisted Fate,4.0,TwistedFate,the Card Master,2,Mage,,Mana,604,108.0,333,39.0,21.0,4.35,30.0,1.3,5.5,0.6,8.0,0.8,52,3.3,0.625,3.0,525,330,,110.0,35.0,0.651000022888183,,,0.95,,,0.95,,Ranged,2009-02-21,Alpha Week 2,V14.3,Burst,Middle,Middle,3,1,2,2,2,65,Magic,4800,585,Loaded Dice,Wild Cards,Pick a Card,Stacked Deck,Destiny,Loaded Dice,-0.1,1500.0,,,,,,,Tobias,,,,,,,,,,,,,,,TF,,,,,,,,,,,
Twitch,29.0,Twitch,the Plague Rat,2,Marksman,Assassin,Mana,682,100.0,300,40.0,27.0,4.2,30.0,1.3,3.75,0.6,7.25,0.7,59,3.1,0.679,3.38,550,330,575.0,135.0,35.0,0.67900002002716,,,1.0,0.95,,0.92,1.05,Ranged,2009-05-01,"May 1, 2009 Patch",V14.3,Marksman,Jungle,Bottom,3,1,1,2,1,0,Physical,3150,790,Deadly Venom,Ambush,Venom Cask,Contaminate,Spray and Pray,Deadly Venom,-0.0980840176343917,2500.0,,,,,0.98,,,,,,,,,,,,,,,,,,,,,,,,,,,,
Udyr,77.0,Udyr,the Spirit Walker,1,Fighter,Tank,Mana,664,92.0,271,50.0,31.0,4.7,32.0,2.05,6.0,0.75,7.5,0.45,62,4.0,0.65,3.0,125,350,400.0,125.0,35.0,0.6499999761581421,,,1.0,,1.2,1.1,0.92,Melee,2009-12-02,V1.0.0.61,V14.3,Juggernaut,Top,Jungle,2,3,2,2,1,35,Physical,1350,585,Bridge Between,Wilding Claw,Iron Mantle,Blazing Stampede,Wingborne Storm,Bridge Between,-0.10199999809265137,,,,,,,,,,,,,,,,,,,,,,,,,,,,,,,,,,
Urgot,6.0,Urgot,the Dreadnought,2,Fighter,Tank,Mana,655,102.0,340,45.0,36.0,5.45,32.0,2.05,7.5,0.7,7.25,0.8,63,4.0,0.625,3.75,350,330,550.0,136.111099243164,50.0,0.625,,,,1.1,,1.15,0.85,Ranged,2010-08-24,V1.0.0.99,V13.7,Juggernaut,Top,Top,2,2,2,1,1,55,Physical,3150,790,Echoing Flames,Corrosive Charge,Purge,Disdain,Fear Beyond Death,Echoing Flames,-0.150000005960464,2500.0,,,,,0.95,1.02,,80.0,,,,,,,,,,,,,,,,,,,,,,,,,
Varus,110.0,Varus,the Arrow of Retribution,2,Marksman,Mage,Mana,600,105.0,360,40.0,27.0,4.6,30.0,1.3,3.5,0.55,8.0,0.8,62,3.4,0.658,4.0,575,330,600.0,120.0,35.0,0.657999992370605,,,0.95,1.05,,,,Ranged,2012-05-08,V1.0.0.139,V14.3,Marksman,Bottom,Bottom,3,1,2,1,1,20,Physical,4800,880,Living Vengeance,Piercing Arrow,Blighted Quiver,Hail of Arrows,Chain of Corruption,Living Vengeance,-0.124561406672,2000.0,,,,,,,,,,,,,,,,,,,,,,"Darkin, Valmar, Kai",,,,,,,,,,,
Vayne,67.0,Vayne,the Night Hunter,2,Marksman,Assassin,Mana,550,103.0,232,35.0,23.0,4.6,30.0,1.3,3.5,0.55,7.0,0.4,60,2.35,0.658,3.3,550,330,575.0,120.0,35.0,0.657999992370605,,,1.05,0.95,,1.0,1.05,Ranged,2011-05-10,v1.0.0.118,V14.2,Marksman,Top,Top,3,1,2,2,1,0,Physical,3150,790,Night Hunter,Tumble,Silver Bolts,Condemn,Final Hour,Night Hunter,-0.124561406672,2000.0,,,,,0.97,,Shauna Vayne,,,,,,,,,,,,,,,,,,,,,,,,,,
Veigar,45.0,Veigar,the Tiny Master of Evil,2,Mage,,Mana,580,108.0,490,26.0,18.0,5.2,32.0,1.3,6.5,0.6,8.0,0.8,52,2.7,0.625,2.24,550,340,525.0,93.0,30.0,0.625,,,0.9,1.1,,,,Ranged,2009-07-24,V0.8.22.115,V14.2,Burst,Middle,Middle,3,1,3,1,1,100,Magic,1350,585,Phenomenal Evil Power,Baleful Strike,Dark Matter,Event Horizon,Primordial Burst,Phenomenal Evil Power,-0.109062500298023,1500.0,,,,,,,,55.0,,,,,,,,,,,,,,,,,,,,,,,,,
Vel'Koz,161.0,Velkoz,the Eye of the Void,2,Mage,,Mana,590,102.0,469,21.0,22.0,4.7,30.0,1.3,5.5,0.55,8.0,0.8,55,3.1416,0.643,1.59,525,340,575.0,88.8889007568359,35.0,0.625,,,0.95,1.05,,0.95,1.0,Ranged,2014-02-27,V4.3,V14.1,Artillery,Middle,Middle,3,1,2,1,1,100,Magic,3141,880,Organic Deconstruction,Plasma Fission,Void Rift,Tectonic Disruption,Life Form Disintegration Ray,Organic Deconstruction,-0.100000001490116,0.0,,,,,,,,,,,,,,,,,,,,,,,,,,,,,,,,,
Vex,711.0,Vex,the Gloomist,2,Mage,,Mana,590,104.0,490,32.0,23.0,4.45,28.0,1.3,6.5,0.6,6.0,0.8,54,2.75,0.669,1.0,550,335,750.0,100.0,35.0,0.625,,,0.95,1.0,,0.9,1.0,Ranged,2021-09-23,V11.19,V13.21,Burst,Middle,Middle,3,2,2,2,1,90,Magic,3150,790,Doom 'n Gloom,Mistral Bolt,Personal Space,Looming Darkness,Shadow Surge,Doom 'n Gloom,-0.14375,2000.0,,,,,,,,,,,,,,,,,,,,,,,,,,,,,,,,,
Vi,254.0,Vi,the Piltover Enforcer,1,Fighter,Assassin,Mana,655,99.0,295,65.0,30.0,4.7,32.0,2.05,10.0,1.0,8.0,0.65,63,3.0,0.644,2.0,125,340,600.0,100.0,35.0,0.643999993801116,0.360000014305114,1.60000002384185,1.05,0.95,,0.95,1.05,Melee,2012-12-19,V1.0.0.153,V13.17,Diver,Jungle,Jungle,2,2,3,2,1,55,Physical,1350,585,Blast Shield,Vault Breaker,Denting Blows,Relentless Force,Cease and Desist,Blast Shield,,,1.05,,,,0.95,1.05,,,,0.95,,,,,,10.0,,,,,,6,,,,,,,,,,,
Viego,234.0,Viego,The Ruined King,3,Assassin,Fighter,None,630,109.0,0,0.0,34.0,5.2,32.0,2.05,7.0,0.7,0.0,0.0,57,3.5,0.658,2.5,200,345,775.0,125.0,35.0,0.658,,,1.05,0.95,,1.05,0.9,Melee,2021-01-21,V11.2,V14.3,Skirmisher,Jungle,Jungle,3,1,2,2,1,20,Physical,4800,880,Sovereign's Domination,Blade of the Ruined King,Spectral Maw,Harrowed Path,Heartbreaker,Sovereign's Domination,-0.13553,,1.0,,,,,,,,,0.95,,,,,,,,,,,,,,,,,,0.8,,,,,
Viktor,112.0,Viktor,the Machine Herald,3,Mage,,Mana,600,104.0,405,45.0,23.0,5.2,30.0,1.3,8.0,0.65,8.0,0.8,53,3.0,0.658,2.11,525,335,525.0,160.0,35.0,0.657999992370605,,,0.95,1.05,,0.95,,Ranged,2011-12-29,V1.0.0.131,V14.2,Battlemage,Middle,Middle,3,1,2,1,1,90,Magic,4800,880,Glorious Evolution,Siphon Power,Gravity Field,Death Ray,,Glorious Evolution,-0.11999999731779,2300.0,,,,,,,,,,,,,,,,,,,,,,,,,,,,,,,,Chaos Storm,Augment: Perfect Storm
Vladimir,8.0,Vladimir,the Crimson Reaper,2,Mage,,Bloodthirst,607,110.0,2,0.0,27.0,4.5,30.0,1.3,7.0,0.6,0.0,0.0,55,3.0,0.658,2.0,450,330,600.0,120.0,35.0,0.657999992370605,0.300000011920928,1.51999998092651,0.95,,,0.92,1.05,Ranged,2010-07-27,V1.0.0.97,V13.13,Battlemage,Top,Top,3,2,1,1,1,100,Magic,3150,790,Crimson Pact,Transfusion,Sanguine Pool,Tides of Blood,Hemoplague,Crimson Pact,-0.0721089988946914,1600.0,,,,,,,,,0.9,,,,,,,,,,1.2,,,,,,,,,,,,Health,,
Volibear,106.0,Volibear,the Relentless Storm,1,Fighter,Tank,Mana,650,104.0,350,70.0,31.0,5.2,32.0,2.05,9.0,0.75,6.25,0.5,60,3.5,0.625,2.0,150,340,400.0,125.0,50.0,0.7,,,,,,0.95,1.1,Melee,2011-11-29,V1.0.0.130,V14.2,Juggernaut,Top,Top,2,3,2,2,1,30,Physical,1350,585,The Relentless Storm,Thundering Smash,Frenzied Maul,Sky Splitter,Stormbringer,The Relentless Storm,0.0,,,,,,0.9,1.1,,80.0,,,,,,,,,,,0.8,,,,,0.8,,,,,,,,,
Warwick,19.0,Warwick,the Uncaged Wrath of Zaun,1,Fighter,Tank,Mana,620,99.0,280,35.0,33.0,4.4,32.0,2.05,4.0,0.75,7.45,0.6,65,3.0,0.638,2.3,125,335,400.0,111.111099243164,35.0,0.638000011444091,,,1.05,0.95,,,,Melee,2009-02-21,Alpha Week 2,V13.9,Diver,Top,Jungle,2,2,2,1,1,30,Physical,450,260,Eternal Hunger,Jaws of the Beast,Blood Hunt,Primal Howl,Infinite Duress,Eternal Hunger,-0.125,,,,,,,,,55.0,1.05,0.95,,,,,,,,,,,,,,,,,,,,,,,
Wukong,62.0,MonkeyKing,the Monkey King,1,Fighter,Tank,Mana,610,99.0,300,65.0,31.0,4.7,28.0,2.05,3.5,0.65,8.0,0.8,66,3.5,0.69,3.0,175,340,600.0,100.0,35.0,0.657999992370605,,,,,,0.9,1.1,Melee,2011-07-26,V1.0.0.122,V14.3,Diver,Top,Top,2,2,2,2,1,55,Physical,3150,790,Stone Skin,Crushing Blow,Warrior Trickster,Nimbus Strike,Cyclone,Stone Skin,-0.0916666686534881,,,,,,0.95,1.05,,,,0.95,,,,,,,,,,,,,,,,,,,,,,,
Xayah,498.0,Xayah,the Rebel,2,Marksman,,Mana,630,107.0,340,40.0,25.0,4.2,30.0,1.3,3.25,0.75,8.25,0.8,60,3.5,0.658,3.9,525,330,800.0,120.0,35.0,0.658,0.282999992370605,1.60000002384185,1.05,1.0,,0.85,1.1,Ranged,2017-04-19,V7.8,V13.24,Marksman,Bottom,Bottom,3,2,3,1,1,30,Physical,4800,880,Clean Cuts,Double Daggers,Deadly Plumage,Bladecaller,Featherstorm,Clean Cuts,,,0.95,,,,,,,,,,,,,,,,,,,,,,,,,,,,,,,,
Xerath,101.0,Xerath,the Magus Ascendant,2,Mage,,Mana,596,106.0,400,22.0,22.0,4.7,30.0,1.3,5.5,0.55,6.85,0.8,55,3.0,0.658,1.36,525,340,600.0,88.8889007568359,35.0,0.625,,,0.9,1.0,,,,Ranged,2011-10-05,V1.0.0.126,V13.22,Artillery,Middle,Middle,3,1,2,1,1,90,Magic,1350,585,Mana Surge,Arcanopulse,Eye of Destruction,Shocking Orb,Rite of the Arcane,Mana Surge,-0.1,2000.0,,,,,1.03,,,,,,,,,,,,,,,,,,,,,,,,,,,,
Xin Zhao,5.0,XinZhao,the Seneschal of Demacia,1,Fighter,Assassin,Mana,640,106.0,274,55.0,35.0,4.7,32.0,2.05,8.0,0.7,7.25,0.45,63,3.0,0.645,3.5,175,345,,108.333297729492,35.0,0.644999980926513,0.289999991655349,1.54999995231628,,,,1.0,1.1,Melee,2010-07-13,V1.0.0.96,V13.17,Diver,Top,Jungle,2,2,2,2,1,35,Physical,1350,585,Determination,Three Talon Strike,Wind Becomes Lightning,Audacious Charge,Crescent Guard,Determination,,,1.05,,,,0.97,1.02,Xin Zhao,,,0.95,,,,,,,,1.2,,,,,,,,,,,,,,,
Yasuo,157.0,Yasuo,the Unforgiven,3,Fighter,Assassin,Flow,590,110.0,100,0.0,30.0,4.6,32.0,2.05,6.5,0.9,0.0,0.0,60,3.0,0.697,3.5,175,345,400.0,75.0,32.0,0.6700000166893,,,,,,,0.9,Melee,2013-12-13,V3.15,V13.15,Skirmisher,Top,Top,3,1,2,3,2,20,Physical,1350,585,Way of the Wanderer,Steel Tempest,Wind Wall,Sweeping Blade,Last Breath,Way of the Wanderer,-0.0799999982118606,,,,,,,,,,,,,,,,,,,,,,,,,,0.9,,,,,,,,
Yone,777.0,Yone,the Unforgotten,3,Assassin,Fighter,Soul Unbound,620,105.0,500,0.0,30.0,4.6,32.0,2.05,7.5,0.75,0.0,0.0,60,2.0,0.625,3.5,175,345,400.0,75.0,32.0,0.625,,,1.05,0.97,,1.1,0.9,Melee,2020-08-06,V10.16,V13.19,Assassin,Top,Top,3,1,2,3,1,45,Physical,3150,790,Way of the Hunter,Mortal Steel,Spirit Cleave,Soul Unbound,Fate Sealed,Way of the Hunter,-0.0799999982118606,,,,,,0.98,,,,,,,,,,,,,,,,,,,,0.9,,,,1.2,,,,
Yorick,83.0,Yorick,Shepherd of Souls,2,Fighter,Tank,Mana,650,114.0,300,60.0,39.0,5.2,32.0,2.05,8.0,0.8,7.5,0.75,62,5.0,0.625,2.0,175,340,400.0,125.0,50.0,0.625,0.330000013113021,1.60000002384185,,,,,,Melee,2011-06-22,v1.0.0.120,V14.3,Juggernaut,Top,Top,2,2,2,1,2,55,Physical,3150,790,Shepherd of Souls,Last Rites,Dark Procession,Mourning Mist,Eulogy of the Isles,Shepherd of Souls,,,,,,,0.9,1.05,Yorick Mori,80.0,,,,,,,,,,,,,,,,,,,,,,,,,
Yuumi,350.0,Yuumi,the Magical Cat,1,Support,Mage,Mana,500,69.0,440,45.0,25.0,4.2,25.0,1.1,5.0,0.55,10.0,0.4,49,3.1,0.625,1.0,425,330,475.0,120.0,35.0,0.625,0.25,1.60000002384185,1.05,,,0.65,1.2,Ranged,2019-05-14,V9.10,V13.23,Enchanter,Support,Support,1,1,1,3,3,100,Magic,450,260,Feline Friendship,Prowling Projectile,You and Me!,Zoomies,Final Chapter,Feline Friendship,,,,,,,1.15,0.8,,,1.1,0.95,,,,,,,,1.2,0.7,,,,,1.2,,,,0.75,,0.75,,,
Zac,154.0,Zac,the Secret Weapon,1,Tank,Fighter,Health,685,109.0,0,0.0,33.0,4.7,32.0,2.05,8.0,0.5,0.0,0.0,60,3.4,0.736,1.6,175,340,400.0,90.0,43.0749015808105,0.638000011444091,0.363000005483627,1.567999958992,,0.96,,,,Melee,2013-03-29,V3.5,V14.2,Vanguard,Jungle,Top,2,3,3,2,1,100,Magic,4800,880,Cell Division,Stretching Strikes,Unstable Matter,Elastic Slingshot,Let's Bounce!,Cell Division,,,,,,,,,,80.0,1.2,,,,,,,,,,,,,"Zaun Amorphous Combatant, Z.A.C.",,,,,,,,,,,
Zed,238.0,Zed,the Master of Shadows,3,Assassin,,Energy,654,99.0,200,0.0,32.0,4.7,29.0,2.05,7.0,0.65,50.0,0.0,63,3.4,0.651,3.3,125,345,400.0,100.0,35.0,0.651000022888183,,,1.05,0.95,1.2,0.85,1.1,Melee,2012-11-13,V1.0.0.151,V13.20,Assassin,Middle,Middle,3,1,1,3,1,55,Physical,1350,585,Contempt for the Weak,Razor Shuriken,Living Shadow,Shadow Slash,Death Mark,Contempt for the Weak,-0.102405503392219,,,1.2,,,,,,,,,,,,,,,,,,,,Kagetora,,,,,,,,,,,
Zeri,221.0,Zeri,The Spark of Zaun,2,Marksman,,Mana,630,110.0,250,45.0,24.0,4.2,30.0,1.3,3.25,0.7,6.0,0.8,56,2.0,0.658,2.0,500,330,800.0,100.0,40.0,0.625,,,1.1,0.9,,,,Ranged,2022-01-20,V12.2,V14.3,Marksman,Bottom,Bottom,2,1,2,3,0,35,Physical,4800,880,Living Battery,Burst Fire,Ultrashock Laser,Spark Surge,Lightning Crash,Living Battery,-0.14375,0.0,,,,,,,,65.0,,,,,,,,,,,,,,,,,,,,,,,,,
Ziggs,115.0,Ziggs,the Hexplosives Expert,2,Mage,,Mana,606,106.0,480,23.5,21.0,4.7,30.0,1.3,6.5,0.6,8.0,0.8,55,3.1,0.656,2.0,550,325,800.0,100.0,30.0,0.656000018119812,,,0.8,1.2,,,,Ranged,2012-02-01,V1.0.0.133,V14.3,Artillery,Middle,Bottom,3,1,2,2,1,90,Magic,4800,880,Short Fuse,Bouncing Bomb,Satchel Charge,Hexplosive Minefield,Mega Inferno Bomb,Short Fuse,-0.1,1500.0,,,-10.0,,,0.95,,55.0,,,,,,,,-20.0,,,,0.95,,,,,,,,,,,,,
Zilean,26.0,Zilean,the Chronokeeper,2,Support,Mage,Mana,574,96.0,452,50.0,24.0,5.0,30.0,1.3,5.5,0.5,11.35,0.8,52,3.0,0.658,2.13,550,335,550.0,135.0,35.0,0.625,,,1.05,0.95,,1.05,0.9,Ranged,2009-04-18,"April 18, 2009 Patch",V13.22,Specialist,Support,Middle,2,1,2,2,3,100,Magic,1350,585,Time in a Bottle,Time Bomb,Rewind,Time Warp,Chronoshift,Time in a Bottle,-0.11999999731779,1500.0,,,,,1.05,0.95,,,,,,,,,,10.0,,,,,,,,,,,,,,,,,
Zoe,142.0,Zoe,the Aspect of Twilight,3,Mage,Support,Mana,630,106.0,425,25.0,21.0,4.7,30.0,1.3,7.5,0.6,8.0,0.65,58,3.3,0.658,2.5,550,340,550.0,120.0,35.0,0.625,,,1.1,0.95,,,,Ranged,2017-11-21,V7.23,V14.2,Burst,Middle,Middle,3,1,2,2,1,100,Magic,4800,880,More Sparkles!,Paddle Star,Spell Thief,Sleepy Trouble Bubble,Portal Jump,More Sparkles!,-0.138541668653488,,,,,,1.1,0.9,,,,,,,,,,,,,,,,,,,,,,,,,,,
Zyra,143.0,Zyra,Rise of the Thorns,2,Mage,Support,Mana,574,93.0,418,25.0,29.0,4.2,30.0,1.3,5.5,0.5,7.0,0.8,53,3.2,0.681,2.11,575,340,575.0,120.0,35.0,0.625,,,0.9,1.05,,,,Ranged,2012-07-24,V1.0.0.143,V14.3,Catcher,Support,Support,3,1,3,1,1,100,Magic,3150,790,Garden of Thorns,Deadly Spines,Rampant Growth,Grasping Roots,Stranglethorns,Garden of Thorns,-0.154166668653488,1700.0,,,,1.08,,,,,,,,,,,,-20.0,,,,0.95,,,,,,,,,,,,,
